#
# There is insufficient memory for the Java Runtime Environment to continue.
# Native memory allocation (mmap) failed to map 65536 bytes. Error detail: Failed to commit metaspace.
# Possible reasons:
#   The system is out of physical RAM or swap space
#   This process is running with CompressedOops enabled, and the Java Heap may be blocking the growth of the native heap
# Possible solutions:
#   Reduce memory load on the system
#   Increase physical memory or swap space
#   Check if swap backing store is full
#   Decrease Java heap size (-Xmx/-Xms)
#   Decrease number of Java threads
#   Decrease Java thread stack sizes (-Xss)
#   Set larger code cache with -XX:ReservedCodeCacheSize=
#   JVM is running with Unscaled Compressed Oops mode in which the Java heap is
#     placed in the first 4GB address space. The Java Heap base address is the
#     maximum limit for the native heap growth. Please use -XX:HeapBaseMinAddress
#     to set the Java Heap base and to place the Java Heap above 4GB virtual address.
# This output file may be truncated or incomplete.
#
#  Out of Memory Error (virtualSpaceNode.cpp:113), pid=8280, tid=14292
#
# JRE version: Java(TM) SE Runtime Environment (25.0+37) (build 25+37-LTS-3491)
# Java VM: Java HotSpot(TM) 64-Bit Server VM (25+37-LTS-3491, mixed mode, emulated-client, sharing, tiered, compressed oops, compressed class ptrs, g1 gc, windows-amd64)
# No core dump will be written. Minidumps are not enabled by default on client versions of Windows
#

---------------  S U M M A R Y ------------

Command Line: -XX:TieredStopAtLevel=1 -Dspring.output.ansi.enabled=always -Dcom.sun.management.jmxremote -Dspring.jmx.enabled=true -Dspring.liveBeansView.mbeanDomain -Dspring.application.admin.enabled=true -Dmanagement.endpoints.jmx.exposure.include=* -javaagent:C:\Program Files\JetBrains\IntelliJ IDEA 2025.2.5\lib\idea_rt.jar=52960 -Dfile.encoding=UTF-8 -Dsun.stdout.encoding=UTF-8 -Dsun.stderr.encoding=UTF-8 org.example.springbootdemo.SpringBootDemoApplication

Host: AMD Ryzen 5 7530U with Radeon Graphics         , 12 cores, 5G,  Windows 11 , 64 bit Build 26100 (10.0.26100.9549)
Time: Fri Oct  2 11:06:35 2026 Västeuropa, sommartid elapsed time: 2.197442 seconds (0d 0h 0m 2s)

---------------  T H R E A D  ---------------

Current thread (0x0000020a5ef30090):  JavaThread "Thread-0"         [_thread_in_vm, id=14292, stack(0x000000cbd3800000,0x000000cbd3900000) (1024K)]

Stack: [0x000000cbd3800000,0x000000cbd3900000]
Native frames: (J=compiled Java code, j=interpreted, Vv=VM code, C=native code)
V  [jvm.dll+0x7a6a39]  (no source info available)
V  [jvm.dll+0x7727ed]  (no source info available)
V  [jvm.dll+0x965f33]  (no source info available)
V  [jvm.dll+0x968531]  (no source info available)
V  [jvm.dll+0x968c33]  (no source info available)
V  [jvm.dll+0x2fc756]  (no source info available)
V  [jvm.dll+0x962dfe]  (no source info available)
V  [jvm.dll+0x73dab4]  (no source info available)
V  [jvm.dll+0x258f08]  (no source info available)
V  [jvm.dll+0x258cce]  (no source info available)
V  [jvm.dll+0x74058d]  (no source info available)
V  [jvm.dll+0x740195]  (no source info available)
V  [jvm.dll+0x29b372]  (no source info available)
V  [jvm.dll+0x73e4d8]  (no source info available)
V  [jvm.dll+0x2e1580]  (no source info available)
V  [jvm.dll+0x74a665]  (no source info available)
V  [jvm.dll+0x289f82]  (no source info available)
V  [jvm.dll+0x28a445]  (no source info available)
V  [jvm.dll+0x28ae1d]  (no source info available)
V  [jvm.dll+0x280856]  (no source info available)
V  [jvm.dll+0x668931]  (no source info available)
V  [jvm.dll+0x8d54a6]  (no source info available)
V  [jvm.dll+0x519632]  (no source info available)
V  [jvm.dll+0x51f0a8]  (no source info available)
C  [java.dll+0x17f2]  (no source info available)
C  0x0000020a513ded7a  (no source info available)

The last pc belongs to native nmethod (printed below).
Java frames: (J=compiled Java code, j=interpreted, Vv=VM code)
J 1284  java.lang.ClassLoader.defineClass1(Ljava/lang/ClassLoader;Ljava/lang/String;[BIILjava/security/ProtectionDomain;Ljava/lang/String;)Ljava/lang/Class; java.base@25 (0 bytes) @ 0x0000020a513ded41 [0x0000020a513dec80+0x00000000000000c1]
J 1463 c1 java.lang.ClassLoader.defineClass(Ljava/lang/String;[BIILjava/security/ProtectionDomain;)Ljava/lang/Class; java.base@25 (43 bytes) @ 0x0000020a5141a51c [0x0000020a5141a400+0x000000000000011c]
J 1448 c1 jdk.internal.loader.BuiltinClassLoader.defineClass(Ljava/lang/String;Ljdk/internal/loader/Resource;)Ljava/lang/Class; java.base@25 (121 bytes) @ 0x0000020a51415f84 [0x0000020a51415a00+0x0000000000000584]
J 1447 c1 jdk.internal.loader.BuiltinClassLoader.findClassOnClassPathOrNull(Ljava/lang/String;)Ljava/lang/Class; java.base@25 (38 bytes) @ 0x0000020a514152e4 [0x0000020a51415080+0x0000000000000264]
J 1221 c1 jdk.internal.loader.BuiltinClassLoader.loadClassOrNull(Ljava/lang/String;Z)Ljava/lang/Class; java.base@25 (143 bytes) @ 0x0000020a513ce79c [0x0000020a513ce380+0x000000000000041c]
J 1294 c1 jdk.internal.loader.BuiltinClassLoader.loadClass(Ljava/lang/String;Z)Ljava/lang/Class; java.base@25 (22 bytes) @ 0x0000020a513e13dc [0x0000020a513e1380+0x000000000000005c]
J 1293 c1 java.lang.ClassLoader.loadClass(Ljava/lang/String;)Ljava/lang/Class; java.base@25 (7 bytes) @ 0x0000020a513e10d4 [0x0000020a513e1080+0x0000000000000054]
v  ~StubRoutines::call_stub 0x0000020a510e12ed
J 1284  java.lang.ClassLoader.defineClass1(Ljava/lang/ClassLoader;Ljava/lang/String;[BIILjava/security/ProtectionDomain;Ljava/lang/String;)Ljava/lang/Class; java.base@25 (0 bytes) @ 0x0000020a513ded41 [0x0000020a513dec80+0x00000000000000c1]
J 1463 c1 java.lang.ClassLoader.defineClass(Ljava/lang/String;[BIILjava/security/ProtectionDomain;)Ljava/lang/Class; java.base@25 (43 bytes) @ 0x0000020a5141a51c [0x0000020a5141a400+0x000000000000011c]
J 1448 c1 jdk.internal.loader.BuiltinClassLoader.defineClass(Ljava/lang/String;Ljdk/internal/loader/Resource;)Ljava/lang/Class; java.base@25 (121 bytes) @ 0x0000020a51415f84 [0x0000020a51415a00+0x0000000000000584]
J 1447 c1 jdk.internal.loader.BuiltinClassLoader.findClassOnClassPathOrNull(Ljava/lang/String;)Ljava/lang/Class; java.base@25 (38 bytes) @ 0x0000020a514152e4 [0x0000020a51415080+0x0000000000000264]
J 1221 c1 jdk.internal.loader.BuiltinClassLoader.loadClassOrNull(Ljava/lang/String;Z)Ljava/lang/Class; java.base@25 (143 bytes) @ 0x0000020a513ce79c [0x0000020a513ce380+0x000000000000041c]
J 1294 c1 jdk.internal.loader.BuiltinClassLoader.loadClass(Ljava/lang/String;Z)Ljava/lang/Class; java.base@25 (22 bytes) @ 0x0000020a513e13dc [0x0000020a513e1380+0x000000000000005c]
J 1293 c1 java.lang.ClassLoader.loadClass(Ljava/lang/String;)Ljava/lang/Class; java.base@25 (7 bytes) @ 0x0000020a513e10d4 [0x0000020a513e1080+0x0000000000000054]
v  ~StubRoutines::call_stub 0x0000020a510e12ed
J 1284  java.lang.ClassLoader.defineClass1(Ljava/lang/ClassLoader;Ljava/lang/String;[BIILjava/security/ProtectionDomain;Ljava/lang/String;)Ljava/lang/Class; java.base@25 (0 bytes) @ 0x0000020a513ded41 [0x0000020a513dec80+0x00000000000000c1]
J 1463 c1 java.lang.ClassLoader.defineClass(Ljava/lang/String;[BIILjava/security/ProtectionDomain;)Ljava/lang/Class; java.base@25 (43 bytes) @ 0x0000020a5141a51c [0x0000020a5141a400+0x000000000000011c]
J 1448 c1 jdk.internal.loader.BuiltinClassLoader.defineClass(Ljava/lang/String;Ljdk/internal/loader/Resource;)Ljava/lang/Class; java.base@25 (121 bytes) @ 0x0000020a51415f84 [0x0000020a51415a00+0x0000000000000584]
J 1447 c1 jdk.internal.loader.BuiltinClassLoader.findClassOnClassPathOrNull(Ljava/lang/String;)Ljava/lang/Class; java.base@25 (38 bytes) @ 0x0000020a514152e4 [0x0000020a51415080+0x0000000000000264]
J 1221 c1 jdk.internal.loader.BuiltinClassLoader.loadClassOrNull(Ljava/lang/String;Z)Ljava/lang/Class; java.base@25 (143 bytes) @ 0x0000020a513ce79c [0x0000020a513ce380+0x000000000000041c]
J 1294 c1 jdk.internal.loader.BuiltinClassLoader.loadClass(Ljava/lang/String;Z)Ljava/lang/Class; java.base@25 (22 bytes) @ 0x0000020a513e13dc [0x0000020a513e1380+0x000000000000005c]
J 1293 c1 java.lang.ClassLoader.loadClass(Ljava/lang/String;)Ljava/lang/Class; java.base@25 (7 bytes) @ 0x0000020a513e10d4 [0x0000020a513e1080+0x0000000000000054]
v  ~StubRoutines::call_stub 0x0000020a510e12ed
J 965  java.lang.Class.forName0(Ljava/lang/String;ZLjava/lang/ClassLoader;Ljava/lang/Class;)Ljava/lang/Class; java.base@25 (0 bytes) @ 0x0000020a51385f8f [0x0000020a51385f00+0x000000000000008f]
J 1631 c1 java.lang.Class.forName(Ljava/lang/String;ZLjava/lang/ClassLoader;)Ljava/lang/Class; java.base@25 (8 bytes) @ 0x0000020a51447bac [0x0000020a51447b80+0x000000000000002c]
j  org.springframework.boot.autoconfigure.condition.FilteringSpringBootCondition.resolve(Ljava/lang/String;Ljava/lang/ClassLoader;)Ljava/lang/Class;+7
j  org.springframework.boot.autoconfigure.condition.FilteringSpringBootCondition$ClassNameFilter.isPresent(Ljava/lang/String;Ljava/lang/ClassLoader;)Z+10
j  org.springframework.boot.autoconfigure.condition.FilteringSpringBootCondition$ClassNameFilter$2.matches(Ljava/lang/String;Ljava/lang/ClassLoader;)Z+2
j  org.springframework.boot.autoconfigure.condition.OnClassCondition$StandardOutcomesResolver.getOutcome(Ljava/lang/String;Ljava/lang/ClassLoader;)Lorg/springframework/boot/autoconfigure/condition/ConditionOutcome;+5
j  org.springframework.boot.autoconfigure.condition.OnClassCondition$StandardOutcomesResolver.getOutcome(Ljava/lang/String;)Lorg/springframework/boot/autoconfigure/condition/ConditionOutcome;+49
j  org.springframework.boot.autoconfigure.condition.OnClassCondition$StandardOutcomesResolver.getOutcomes([Ljava/lang/String;IILorg/springframework/boot/autoconfigure/AutoConfigurationMetadata;)[Lorg/springframework/boot/autoconfigure/condition/ConditionOutcome;+55
j  org.springframework.boot.autoconfigure.condition.OnClassCondition$StandardOutcomesResolver.resolveOutcomes()[Lorg/springframework/boot/autoconfigure/condition/ConditionOutcome;+17
j  org.springframework.boot.autoconfigure.condition.OnClassCondition$ThreadedOutcomesResolver.lambda$new$0(Lorg/springframework/boot/autoconfigure/condition/OnClassCondition$OutcomesResolver;)V+2
j  org.springframework.boot.autoconfigure.condition.OnClassCondition$ThreadedOutcomesResolver$$Lambda+0x000000001821d210.run()V+8
j  java.lang.Thread.runWith(Ljava/lang/Object;Ljava/lang/Runnable;)V+5 java.base@25
j  java.lang.Thread.run()V+19 java.base@25
v  ~StubRoutines::call_stub 0x0000020a510e12ed
Lock stack of current Java thread (top to bottom):
LockStack[2]: java.lang.Object 
{0x00000000a67b2918} - klass: 'java/lang/Object' - flags: 

 - ---- fields (total size 2 words):
LockStack[1]: java.lang.Object 
{0x00000000a67ab940} - klass: 'java/lang/Object' - flags: 

 - ---- fields (total size 2 words):
LockStack[0]: java.lang.Object 
{0x00000000a6779480} - klass: 'java/lang/Object' - flags: 

 - ---- fields (total size 2 words):


Compiled method (n/a) 2400 1284     n 0       java.lang.ClassLoader::defineClass1 (native)
 total in heap  [0x0000020a513deb88,0x0000020a513defa8] = 1056
 main code      [0x0000020a513dec80,0x0000020a513defa8] = 808
 mutable data [0x0000020a5db03ad0,0x0000020a5db03af0] = 32
 relocation     [0x0000020a5db03ad0,0x0000020a5db03af0] = 32

[Constant Pool (empty)]

[MachCode]
[Entry Point]
  # {method} {0x00000000174a3f88} 'defineClass1' '(Ljava/lang/ClassLoader;Ljava/lang/String;[BIILjava/security/ProtectionDomain;Ljava/lang/String;)Ljava/lang/Class;' in 'java/lang/ClassLoader'
  # parm0:    rdx:rdx   = 'java/lang/ClassLoader'
  # parm1:    r8:r8     = 'java/lang/String'
  # parm2:    r9:r9     = '[B'
  # parm3:    rdi       = int
  # parm4:    rsi       = int
  # parm5:    rcx:rcx   = 'java/security/ProtectionDomain'
  # parm6:    [sp+0xa0]   = 'java/lang/String'  (sp of caller)
  0x0000020a513dec80: 6690 448b | 5208 443b 

  0x0000020a513dec88: ;   {runtime_call Shared Runtime ic_miss_blob}
  0x0000020a513dec88: 5008 0f85 | 50fe d4ff 
[Verified Entry Point]
  0x0000020a513dec90: 8984 2400 | 80ff ff55 | 488b ec48 | 81ec 9000 | 0000 6690 | 4181 7f20 | 0100 0000 

  0x0000020a513decac: ;   {runtime_call Stub::method_entry_barrier}
  0x0000020a513decac: 7405 e84d | 55d3 ff48 | 837d 1000 | 488d 4510 | 480f 4445 | 1048 8944 | 2440 4889 | 4c24 7048 
  0x0000020a513deccc: 83f9 0048 | 8d44 2470 | 480f 4444 | 2470 4889 | 4424 3848 | 8974 2430 | 4889 7c24 | 284c 894c 
  0x0000020a513decec: 2458 4983 | f900 488d | 4424 5848 | 0f44 4424 | 5848 8944 | 2420 4c89 | 4424 5049 | 83f8 004c 
  0x0000020a513ded0c: 8d4c 2450 | 4c0f 444c | 2450 4889 | 5424 4848 | 83fa 004c | 8d44 2448 | 4c0f 4444 

  0x0000020a513ded28: ;   {oop(a 'java/lang/Class'{0x00000000ffe80438} = 'java/lang/ClassLoader')}
  0x0000020a513ded28: 2448 49be | 3804 e8ff | 0000 0000 | 4c89 7424 | 784c 8d74 | 2478 498b | d6c5 f877 

  0x0000020a513ded44: ;   {internal_word}
  0x0000020a513ded44: 49ba 41ed | 3d51 0a02 | 0000 4d89 | 9730 0400 | 0049 89a7 | 2804 0000 | 498d 8f48 | 0400 0041 
  0x0000020a513ded64: c787 d404 | 0000 0400 

  0x0000020a513ded6c: ;   {runtime_call}
  0x0000020a513ded6c: 0000 48b8 | a816 d9ae | fa7f 0000 | ffd0 c5f8 | 7741 c787 | d404 0000 | 0500 0000 | f083 4424 
  0x0000020a513ded8c: c000 493b | 6f28 0f87 | 0e00 0000 | 4183 bfd0 | 0400 0000 | 0f84 2b00 | 0000 c5f8 | 7748 8945 
  0x0000020a513dedac: f849 8bcf | 4c8b e448 | 83ec 2048 

  0x0000020a513dedb8: ;   {runtime_call}
  0x0000020a513dedb8: 83e4 f048 | b840 ac7e | 12fa 7f00 | 00ff d049 | 8be4 4d33 | e448 8b45 | f841 c787 | d404 0000 
  0x0000020a513dedd8: 0800 0000 | 4183 bf50 | 0500 0002 | 0f84 9101 | 0000 49c7 | 8728 0400 | 0000 0000 | 0049 c787 
  0x0000020a513dedf8: 3004 0000 | 0000 0000 | c5f8 7748 | 85c0 0f84 | 2f01 0000 | a803 0f85 | 0800 0000 | 488b 00e9 
  0x0000020a513dee18: 1f01 0000 | a801 0f85 | 0900 0000 | 488b 40fe | e90e 0100 | 0048 8b40 | ff41 807f | 4800 0f84 
  0x0000020a513dee38: ff00 0000 | 4883 f800 | 0f84 f500 | 0000 498b | 4f38 4885 | c90f 8414 | 0000 0048 | 83e9 0849 
  0x0000020a513dee58: 894f 3849 | 034f 4048 | 8901 e9d4 | 0000 0048 | 83ec 7048 | 8904 2448 | 894c 2408 | 4889 5424 
  0x0000020a513dee78: 104c 8944 | 2418 4c89 | 4c24 204c | 8954 2428 | 4c89 5c24 | 30c5 fb11 | 4424 40c5 | fb11 4c24 
  0x0000020a513dee98: 48c5 fb11 | 5424 50c5 | fb11 5c24 | 58c5 fb11 | 6424 60c5 | fb11 6c24 | 6849 8bd7 | 488b c848 
  0x0000020a513deeb8: ;   {other}
  0x0000020a513deeb8: 83ec 2040 | f6c4 0f0f | 8419 0000 | 0048 83ec 

  0x0000020a513deec8: ;   {runtime_call}
  0x0000020a513deec8: 0848 b820 | 7671 12fa | 7f00 00ff | d048 83c4 | 08e9 0c00 

  0x0000020a513deedc: ;   {runtime_call}
  0x0000020a513deedc: 0000 48b8 | 2076 7112 | fa7f 0000 | ffd0 4883 | c420 c5fb | 106c 2468 | c5fb 1064 | 2460 c5fb 
  0x0000020a513deefc: 105c 2458 | c5fb 1054 | 2450 c5fb | 104c 2448 | c5fb 1044 | 2440 4c8b | 5c24 304c | 8b54 2428 
  0x0000020a513def1c: 4c8b 4c24 | 204c 8b44 | 2418 488b | 5424 1048 | 8b4c 2408 | 488b 0424 | 4883 c470 | c5f8 7749 
  0x0000020a513def3c: 8b8f b804 | 0000 c781 | 0001 0000 | 0000 0000 

  0x0000020a513def4c: ;   {poll_return}
  0x0000020a513def4c: c941 f647 | 2801 7416 

  0x0000020a513def54: ;   {internal_word}
  0x0000020a513def54: 49ba 4def | 3d51 0a02 | 0000 4d89 | 97e0 0400 

  0x0000020a513def64: ;   {runtime_call SafepointBlob}
  0x0000020a513def64: 00e9 f61f | d5ff 4983 | 7f08 000f | 8501 0000 

  0x0000020a513def74: ;   {runtime_call Stub::forward_exception}
  0x0000020a513def74: 00c3 e965 | 22d0 ffc5 | f877 4889 | 45f8 4c8b | e448 83ec | 2048 83e4 

  0x0000020a513def8c: ;   {runtime_call}
  0x0000020a513def8c: f048 b8f0 | f5b7 12fa | 7f00 00ff | d049 8be4 | 4d33 e448 | 8b45 f8e9 | 42fe ffff 
[/MachCode]


Compiled method (c1) 2409 1463       1       java.lang.ClassLoader::defineClass (43 bytes)
 total in heap  [0x0000020a5141a308,0x0000020a5141a638] = 816
 main code      [0x0000020a5141a400,0x0000020a5141a5c0] = 448
 stub code      [0x0000020a5141a5c0,0x0000020a5141a638] = 120
 mutable data [0x0000020a5db61ab0,0x0000020a5db61b58] = 168
 relocation     [0x0000020a5db61ab0,0x0000020a5db61b18] = 104
 metadata       [0x0000020a5db61b18,0x0000020a5db61b58] = 64
 immutable data [0x0000020a5db65040,0x0000020a5db651d8] = 408
 dependencies   [0x0000020a5db65040,0x0000020a5db65058] = 24
 nul chk table  [0x0000020a5db65058,0x0000020a5db65080] = 40
 scopes pcs     [0x0000020a5db65080,0x0000020a5db65120] = 160
 scopes data    [0x0000020a5db65120,0x0000020a5db651d8] = 184

[Constant Pool (empty)]

[MachCode]
[Instructions begin]
  0x0000020a5141a400: 660f 1f84 | 0000 0000 | 0066 0f1f | 8400 0000 | 0000 448b | 5208 443b 

  0x0000020a5141a418: ;   {runtime_call Shared Runtime ic_miss_blob}
  0x0000020a5141a418: 5008 0f85 | c046 d1ff 
[Verified Entry Point]
  0x0000020a5141a420: 8984 2400 | 80ff ff55 | 4881 ecb0 | 0000 0090 | 4181 7f20 | 0100 0000 

  0x0000020a5141a438: ;   {runtime_call Stub::method_entry_barrier}
  0x0000020a5141a438: 7405 e8c1 | 9dcf ff48 | 8954 2478 | 89b4 2494 | 0000 0089 | bc24 9000 | 0000 4c89 | 8c24 8800 
  0x0000020a5141a458: 0000 498b | d84c 8bc3 | 4c8b c948 | 8bca 488b | d148 899c | 2480 0000 | 0066 0f1f 

  0x0000020a5141a474: ;   {optimized virtual_call}
  0x0000020a5141a474: 4400 00e8 

  0x0000020a5141a478: ; ImmutableOopMap {[120]=Oop [128]=Oop [136]=Oop }
                      ;*invokevirtual preDefineClass {reexecute=0 rethrow=0 return_oop=0}
                      ; - java.lang.ClassLoader::defineClass@4 (line 960)
  0x0000020a5141a478: 2403 0000 

  0x0000020a5141a47c: ;   {post_call_nop}
  0x0000020a5141a47c: 0f1f 8400 | 7401 0000 | 4889 8424 | 9800 0000 

  0x0000020a5141a48c: ; implicit exception: dispatches to 0x0000020a5141a567
  0x0000020a5141a48c: 448b 4010 | 4d85 c00f | 850f 0000 

  0x0000020a5141a498: ;   {oop(nullptr)}
  0x0000020a5141a498: 0048 bb00 | 0000 0000 | 0000 00e9 | 3f00 0000 

  0x0000020a5141a4a8: ; implicit exception: dispatches to 0x0000020a5141a56c
  0x0000020a5141a4a8: 458b 400c | 4d85 c00f | 850f 0000 

  0x0000020a5141a4b4: ;   {oop(nullptr)}
  0x0000020a5141a4b4: 0048 bb00 | 0000 0000 | 0000 00e9 | 2300 0000 

  0x0000020a5141a4c4: ; implicit exception: dispatches to 0x0000020a5141a571
  0x0000020a5141a4c4: 418b 5038 

  0x0000020a5141a4c8: ; implicit exception: dispatches to 0x0000020a5141a576
  0x0000020a5141a4c8: 483b 020f 

  0x0000020a5141a4cc: ;   {optimized virtual_call}
  0x0000020a5141a4cc: 1f40 00e8 

  0x0000020a5141a4d0: ; ImmutableOopMap {[120]=Oop [128]=Oop [136]=Oop [152]=Oop }
                      ;*invokevirtual toExternalForm {reexecute=0 rethrow=0 return_oop=0}
                      ; - java.net.URL::toExternalForm@5 (line 1153)
                      ; - java.net.URL::toString@1 (line 1139)
                      ; - java.lang.ClassLoader::defineClassSourceLocation@22 (line 864)
                      ; - java.lang.ClassLoader::defineClass@12 (line 961)
  0x0000020a5141a4d0: cc5e fdff 

  0x0000020a5141a4d4: ;   {post_call_nop}
  0x0000020a5141a4d4: 0f1f 8400 | cc01 0001 | 488b d848 | 8b84 2498 | 0000 008b | b424 9400 | 0000 8bbc | 2490 0000 
  0x0000020a5141a4f4: 004c 8b8c | 2488 0000 | 004c 8b84 | 2480 0000 | 0048 8b54 | 2478 4c8b | da49 8bd3 | 488b c848 
  0x0000020a5141a514: ;   {static_call}
  0x0000020a5141a514: 891c 24e8 

  0x0000020a5141a518: ; ImmutableOopMap {[120]=Oop [152]=Oop }
                      ;*invokestatic defineClass1 {reexecute=0 rethrow=0 return_oop=0}
                      ; - java.lang.ClassLoader::defineClass@27 (line 962)
  0x0000020a5141a518: 7447 fcff 

  0x0000020a5141a51c: ;   {post_call_nop}
  0x0000020a5141a51c: 0f1f 8400 | 1402 0002 | 4c8b c04c | 8b8c 2498 | 0000 0048 | 8b54 2478 | 4889 8424 | a000 0000 
  0x0000020a5141a53c: ;   {optimized virtual_call}
  0x0000020a5141a53c: 6666 90e8 

  0x0000020a5141a540: ; ImmutableOopMap {[160]=Oop }
                      ;*invokevirtual postDefineClass {reexecute=0 rethrow=0 return_oop=0}
                      ; - java.lang.ClassLoader::defineClass@37 (line 963)
  0x0000020a5141a540: dc14 0000 

  0x0000020a5141a544: ;   {post_call_nop}
  0x0000020a5141a544: 0f1f 8400 | 3c02 0003 | 488b 8424 | a000 0000 | 4881 c4b0 | 0000 005d 

  0x0000020a5141a55c: ;   {poll_return}
  0x0000020a5141a55c: 493b 6728 | 0f87 1500 

  0x0000020a5141a564: ;   {runtime_call C1 Runtime throw_null_pointer_exception_blob}
  0x0000020a5141a564: 0000 c3e8 

  0x0000020a5141a568: ; ImmutableOopMap {rax=Oop [120]=Oop [128]=Oop [136]=Oop [152]=Oop }
                      ;*invokevirtual getCodeSource {reexecute=0 rethrow=0 return_oop=0}
                      ; - java.lang.ClassLoader::defineClassSourceLocation@1 (line 861)
                      ; - java.lang.ClassLoader::defineClass@12 (line 961)
  0x0000020a5141a568: 7400 dcff 

  0x0000020a5141a56c: ;   {runtime_call C1 Runtime throw_null_pointer_exception_blob}
  0x0000020a5141a56c: e86f 00dc 

  0x0000020a5141a570: ; ImmutableOopMap {rax=Oop [120]=Oop [128]=Oop [136]=Oop [152]=Oop }
                      ;*invokevirtual getLocation {reexecute=0 rethrow=0 return_oop=0}
                      ; - java.lang.ClassLoader::defineClassSourceLocation@12 (line 863)
                      ; - java.lang.ClassLoader::defineClass@12 (line 961)
                      ;   {runtime_call C1 Runtime throw_null_pointer_exception_blob}
  0x0000020a5141a570: ffe8 6a00 

  0x0000020a5141a574: ; ImmutableOopMap {r8=Oop [120]=Oop [128]=Oop [136]=Oop [152]=Oop }
                      ;*invokevirtual toString {reexecute=0 rethrow=0 return_oop=0}
                      ; - java.lang.ClassLoader::defineClassSourceLocation@22 (line 864)
                      ; - java.lang.ClassLoader::defineClass@12 (line 961)
                      ;   {runtime_call C1 Runtime throw_null_pointer_exception_blob}
  0x0000020a5141a574: dcff e865 

  0x0000020a5141a578: ; ImmutableOopMap {r8=Oop rdx=Oop [120]=Oop [128]=Oop [136]=Oop [152]=Oop }
                      ;*invokevirtual toExternalForm {reexecute=0 rethrow=0 return_oop=0}
                      ; - java.net.URL::toExternalForm@5 (line 1153)
                      ; - java.net.URL::toString@1 (line 1139)
                      ; - java.lang.ClassLoader::defineClassSourceLocation@22 (line 864)
                      ; - java.lang.ClassLoader::defineClass@12 (line 961)
                      ;   {internal_word}
  0x0000020a5141a578: 00dc ff49 | ba5c a541 | 510a 0200 | 004d 8997 | e004 0000 

  0x0000020a5141a58c: ;   {runtime_call SafepointBlob}
  0x0000020a5141a58c: e9cf 69d1 | ff49 8b87 | 8805 0000 | 49c7 8788 | 0500 0000 | 0000 0049 | c787 9005 | 0000 0000 
  0x0000020a5141a5ac: 0000 4881 | c4b0 0000 

  0x0000020a5141a5b4: ;   {runtime_call C1 Runtime unwind_exception_blob}
  0x0000020a5141a5b4: 005d e9a5 | eddb fff4 | f4f4 f4f4 
[Stub Code]
  0x0000020a5141a5c0: ;   {other}
  0x0000020a5141a5c0: 0f1f 4400 

  0x0000020a5141a5c4: ;   {static_stub}
  0x0000020a5141a5c4: 0048 bb00 | 0000 0000 

  0x0000020a5141a5cc: ;   {runtime_call nmethod}
  0x0000020a5141a5cc: 0000 00e9 | fbff ffff 

  0x0000020a5141a5d4: ;   {static_stub}
  0x0000020a5141a5d4: 48bb 0000 | 0000 0000 

  0x0000020a5141a5dc: ;   {runtime_call nmethod}
  0x0000020a5141a5dc: 0000 e9fb 

  0x0000020a5141a5e0: ;   {static_stub}
  0x0000020a5141a5e0: ffff ff48 | bb00 0000 | 0000 0000 

  0x0000020a5141a5ec: ;   {runtime_call nmethod}
  0x0000020a5141a5ec: 00e9 fbff 

  0x0000020a5141a5f0: ;   {static_stub}
  0x0000020a5141a5f0: ffff 48bb | 0000 0000 | 0000 0000 

  0x0000020a5141a5fc: ;   {runtime_call nmethod}
  0x0000020a5141a5fc: e9fb ffff 

  0x0000020a5141a600: ;   {runtime_call C1 Runtime handle_exception_from_callee_blob}
  0x0000020a5141a600: ffe8 da24 

  0x0000020a5141a604: ;   {external_word}
  0x0000020a5141a604: dcff 48b9 | 3808 e112 | fa7f 0000 | 4883 e4f0 

  0x0000020a5141a614: ;   {runtime_call}
  0x0000020a5141a614: 48b8 508c | a412 fa7f | 0000 ffd0 

  0x0000020a5141a620: ;   {section_word}
  0x0000020a5141a620: f449 ba21 | a641 510a | 0200 0041 

  0x0000020a5141a62c: ;   {runtime_call DeoptimizationBlob}
  0x0000020a5141a62c: 52e9 2e6c | d1ff f4f4 | f4f4 f4f4 
[/MachCode]


Compiled method (c1) 2416 1448       1       jdk.internal.loader.BuiltinClassLoader::defineClass (121 bytes)
 total in heap  [0x0000020a51415908,0x0000020a51416240] = 2360
 main code      [0x0000020a51415a00,0x0000020a51416120] = 1824
 stub code      [0x0000020a51416120,0x0000020a51416240] = 288
 mutable data [0x0000020a5db8ae70,0x0000020a5db8b010] = 416
 relocation     [0x0000020a5db8ae70,0x0000020a5db8afb8] = 328
 metadata       [0x0000020a5db8afb8,0x0000020a5db8b010] = 88
 immutable data [0x0000020a5db8aa10,0x0000020a5db8ae60] = 1104
 dependencies   [0x0000020a5db8aa10,0x0000020a5db8aa30] = 32
 nul chk table  [0x0000020a5db8aa30,0x0000020a5db8aa50] = 32
 handler table  [0x0000020a5db8aa50,0x0000020a5db8aa68] = 24
 scopes pcs     [0x0000020a5db8aa68,0x0000020a5db8ac08] = 416
 scopes data    [0x0000020a5db8ac08,0x0000020a5db8ae60] = 600

[Constant Pool (empty)]

[MachCode]
[Instructions begin]
  0x0000020a51415a00: 660f 1f84 | 0000 0000 | 0066 0f1f | 8400 0000 | 0000 448b | 5208 443b 

  0x0000020a51415a18: ;   {runtime_call Shared Runtime ic_miss_blob}
  0x0000020a51415a18: 5008 0f85 | c090 d1ff 
[Verified Entry Point]
  0x0000020a51415a20: 8984 2400 | 80ff ff55 | 4881 ec00 | 0100 0090 | 4181 7f20 | 0100 0000 

  0x0000020a51415a38: ;   {runtime_call Stub::method_entry_barrier}
  0x0000020a51415a38: 7405 e8c1 | e7cf ff48 | 8994 24a0 | 0000 004c | 8984 2490 | 0000 004c | 898c 2498 | 0000 0049 
  0x0000020a51415a58: 8bd1 6666 | 9048 b870 | 5eac 5d0a 

  0x0000020a51415a64: ;   {virtual_call}
  0x0000020a51415a64: 0200 00e8 

  0x0000020a51415a68: ; ImmutableOopMap {[144]=Oop [152]=Oop [160]=Oop }
                      ;*invokevirtual getCodeSourceURL {reexecute=0 rethrow=0 return_oop=0}
                      ; - jdk.internal.loader.BuiltinClassLoader::defineClass@1 (line 756)
  0x0000020a51415a68: a667 0000 

  0x0000020a51415a6c: ;   {post_call_nop}
  0x0000020a51415a6c: 0f1f 8400 | 6401 0000 | 4889 8424 | a800 0000 | 4c8b 8424 | 9000 0000 

  0x0000020a51415a84: ; implicit exception: dispatches to 0x0000020a51416020
  0x0000020a51415a84: 418b 7014 

  0x0000020a51415a88: ; implicit exception: dispatches to 0x0000020a51416025
  0x0000020a51415a88: 8b56 0c45 | 0fbe 4810 | 498b c9c1 | e118 c1f9 | 18d3 fa48 | 8bfa ffcf | 4585 c9ba | 0000 0000 
  0x0000020a51415aa8: 7505 ba01 | 0000 0083 | e201 85d2 | 488b d641 | b82e 0000 | 004c 8bcf | 0f84 1300 

  0x0000020a51415ac4: ;   {static_call}
  0x0000020a51415ac4: 0000 90e8 

  0x0000020a51415ac8: ; ImmutableOopMap {[144]=Oop [152]=Oop [160]=Oop [168]=Oop }
                      ;*invokestatic lastIndexOf {reexecute=0 rethrow=0 return_oop=0}
                      ; - java.lang.String::lastIndexOf@13 (line 2638)
                      ; - java.lang.String::lastIndexOf@8 (line 2600)
                      ; - jdk.internal.loader.BuiltinClassLoader::defineClass@8 (line 759)
  0x0000020a51415ac8: 3429 eaff 

  0x0000020a51415acc: ;   {post_call_nop}
  0x0000020a51415acc: 0f1f 8400 | c401 0001 | e913 0000 | 0066 0f1f 

  0x0000020a51415adc: ;   {static_call}
  0x0000020a51415adc: 4400 00e8 

  0x0000020a51415ae0: ; ImmutableOopMap {[144]=Oop [152]=Oop [160]=Oop [168]=Oop }
                      ;*invokestatic lastIndexOf {reexecute=0 rethrow=0 return_oop=0}
                      ; - java.lang.String::lastIndexOf@25 (line 2639)
                      ; - java.lang.String::lastIndexOf@8 (line 2600)
                      ; - jdk.internal.loader.BuiltinClassLoader::defineClass@8 (line 759)
  0x0000020a51415ae0: fc98 d1ff 

  0x0000020a51415ae4: ;   {post_call_nop}
  0x0000020a51415ae4: 0f1f 8400 | dc01 0002 | 83f8 ff0f | 847f 0000 | 0041 b800 | 0000 004c | 8bc8 488b | 9424 9000 
  0x0000020a51415b04: ;   {optimized virtual_call}
  0x0000020a51415b04: 0000 90e8 

  0x0000020a51415b08: ; ImmutableOopMap {[144]=Oop [152]=Oop [160]=Oop [168]=Oop }
                      ;*invokevirtual substring {reexecute=0 rethrow=0 return_oop=0}
                      ; - jdk.internal.loader.BuiltinClassLoader::defineClass@23 (line 761)
  0x0000020a51415b08: 14be e8ff 

  0x0000020a51415b0c: ;   {post_call_nop}
  0x0000020a51415b0c: 0f1f 8400 | 0402 0003 | 488b 9424 | 9800 0000 | 4889 8424 | b000 0000 | 9048 b898 | 5eac 5d0a 
  0x0000020a51415b2c: ;   {virtual_call}
  0x0000020a51415b2c: 0200 00e8 

  0x0000020a51415b30: ; ImmutableOopMap {[144]=Oop [152]=Oop [160]=Oop [168]=Oop [176]=Oop }
                      ;*invokevirtual getManifest {reexecute=0 rethrow=0 return_oop=0}
                      ; - jdk.internal.loader.BuiltinClassLoader::defineClass@29 (line 762)
  0x0000020a51415b30: 5e70 0000 

  0x0000020a51415b34: ;   {post_call_nop}
  0x0000020a51415b34: 0f1f 8400 | 2c02 0004 | 4c8b 8424 | b000 0000 | 4c8b c848 | 8bbc 24a8 | 0000 0048 | 8b94 24a0 
  0x0000020a51415b54: 0000 0066 | 0f1f 4400 | 0048 b8c0 | 5eac 5d0a 

  0x0000020a51415b64: ;   {virtual_call}
  0x0000020a51415b64: 0200 00e8 

  0x0000020a51415b68: ; ImmutableOopMap {[144]=Oop [152]=Oop [160]=Oop [168]=Oop }
                      ;*invokevirtual defineOrCheckPackage {reexecute=0 rethrow=0 return_oop=0}
                      ; - jdk.internal.loader.BuiltinClassLoader::defineClass@40 (line 763)
  0x0000020a51415b68: a6fb ffff 

  0x0000020a51415b6c: ;   {post_call_nop}
  0x0000020a51415b6c: 0f1f 8400 | 6402 0005 | 4c8b 8c24 | 9800 0000 | 488d 9424 | e000 0000 | 4c89 4a08 | 498b 0141 
  0x0000020a51415b8c: 8bb7 d806 | 0000 81fe | 2807 0000 | 0f8d 8c04 | 0000 4d3b | 4c37 f80f | 8425 0000 | 00a8 020f 
  0x0000020a51415bac: 8579 0400 | 0048 8bf0 | 4883 e6fe | 4883 c801 | f049 0fb1 | 310f 8563 | 0400 0041 | 8bb7 d806 
  0x0000020a51415bcc: 0000 4d89 | 0c37 83c6 | 0841 89b7 | d806 0000 | 418b 510c | 4885 d20f | 854b 0000 | 0049 8bd1 
  0x0000020a51415bec: 9048 b8e8 | 5eac 5d0a 

  0x0000020a51415bf4: ;   {virtual_call}
  0x0000020a51415bf4: 0200 00e8 

  0x0000020a51415bf8: ; ImmutableOopMap {[144]=Oop [152]=Oop [160]=Oop [168]=Oop [232]=Oop }
                      ;*invokevirtual getInputStream {reexecute=0 rethrow=0 return_oop=0}
                      ; - jdk.internal.loader.Resource::cachedInputStream@9 (line 76)
                      ; - jdk.internal.loader.Resource::getByteBuffer@1 (line 133)
                      ; - jdk.internal.loader.BuiltinClassLoader::defineClass@45 (line 767)
  0x0000020a51415bf8: 9689 0000 

  0x0000020a51415bfc: ;   {post_call_nop}
  0x0000020a51415bfc: 0f1f 8400 | f402 0006 | 410f be57 | 4885 d24c | 8b8c 2498 | 0000 000f | 8524 0400 | 004c 8bd0 
  0x0000020a51415c1c: 4589 510c | 498b d148 | 33d0 48c1 | ea14 4883 | fa00 0f85 | 2504 0000 | 418b 510c | 488d 8424 
  0x0000020a51415c3c: e000 0000 | 488b 7808 | 418b b7d8 | 0600 0049 | 3b7c 37f8 | 0f85 1b04 | 0000 4183 | afd8 0600 
  0x0000020a51415c5c: 0008 493b | 7c37 f00f | 842a 0000 | 0048 8b07 | a802 0f85 | 1200 0000 | 488b f048 | 83ce 01f0 
  0x0000020a51415c7c: 480f b137 | 0f84 0d00 | 0000 4183 | 87d8 0600 | 0008 e9de | 0300 0048 | 85d2 0f84 | 3f00 0000 
  0x0000020a51415c9c: ;   {metadata('sun/nio/ByteBuffered')}
  0x0000020a51415c9c: 48b8 2067 | 4217 0000 | 0000 8b5a | 0841 ba00 | 0000 1749 | 03da 483b | 4320 0f84 | 2400 0000 
  0x0000020a51415cbc: 483b d80f | 841b 0000 

  0x0000020a51415cc4: ;   {runtime_call C1 Runtime slow_subtype_check_blob}
  0x0000020a51415cc4: 0053 50e8 | 147a dcff | 5b5b 85db | 0f84 0500 | 0000 e905 | 0000 0048 | 33f6 eb05 | be01 0000 
  0x0000020a51415ce4: 0085 f60f | 8464 0000 | 0048 85d2 | 0f84 3f00 

  0x0000020a51415cf4: ;   {metadata('sun/nio/ByteBuffered')}
  0x0000020a51415cf4: 0000 48bb | 2067 4217 | 0000 0000 | 8b7a 0841 | ba00 0000 | 1749 03fa | 483b 5f20 | 0f84 1f00 
  0x0000020a51415d14: 0000 483b | fb0f 8416 | 0000 0057 

  0x0000020a51415d20: ;   {runtime_call C1 Runtime slow_subtype_check_blob}
  0x0000020a51415d20: 53e8 ba79 | dcff 5f5f | 85ff 0f84 | 5703 0000 | e900 0000 | 0048 b810 | 5fac 5d0a 

  0x0000020a51415d3c: ;   {virtual_call}
  0x0000020a51415d3c: 0200 00e8 

  0x0000020a51415d40: ; ImmutableOopMap {[144]=Oop [152]=Oop [160]=Oop [168]=Oop }
                      ;*invokeinterface getByteBuffer {reexecute=0 rethrow=0 return_oop=0}
                      ; - jdk.internal.loader.Resource::getByteBuffer@16 (line 135)
                      ; - jdk.internal.loader.BuiltinClassLoader::defineClass@45 (line 767)
  0x0000020a51415d40: 9c93 d1ff 

  0x0000020a51415d44: ;   {post_call_nop}
  0x0000020a51415d44: 0f1f 8400 | 3c04 0007 | e90a 0000 

  0x0000020a51415d50: ;   {oop(nullptr)}
  0x0000020a51415d50: 0048 b800 | 0000 0000 | 0000 0048 | 85c0 0f84 | fb00 0000 | 4889 8424 | b800 0000 | 488b 9424 
  0x0000020a51415d70: 9800 0000 | 9048 b838 | 5fac 5d0a 

  0x0000020a51415d7c: ;   {virtual_call}
  0x0000020a51415d7c: 0200 00e8 

  0x0000020a51415d80: ; ImmutableOopMap {[144]=Oop [160]=Oop [168]=Oop [184]=Oop }
                      ;*invokevirtual getCodeSigners {reexecute=0 rethrow=0 return_oop=0}
                      ; - jdk.internal.loader.BuiltinClassLoader::defineClass@56 (line 769)
  0x0000020a51415d80: 5c93 d1ff 

  0x0000020a51415d84: ;   {post_call_nop}
  0x0000020a51415d84: 0f1f 8400 | 7c04 0008 

  0x0000020a51415d8c: ;   {metadata('java/security/CodeSource')}
  0x0000020a51415d8c: 4c8b c848 | ba70 9d1c | 1700 0000 | 0049 8b87 | c801 0000 | 488d 7828 | 493b bfd8 | 0100 000f 
  0x0000020a51415dac: 87df 0200 | 0049 89bf | c801 0000 | 48c7 0001 | 0000 0048 | 8bca 41ba | 0000 0017 | 492b ca89 
  0x0000020a51415dcc: 4808 4833 | c989 480c | 4833 c948 | 8948 1048 | 8948 1848 | 8948 204c | 8b84 24a8 | 0000 0048 
  0x0000020a51415dec: 8bd0 4889 | 8424 c000 

  0x0000020a51415df4: ;   {optimized virtual_call}
  0x0000020a51415df4: 0000 90e8 

  0x0000020a51415df8: ; ImmutableOopMap {[144]=Oop [160]=Oop [184]=Oop [192]=Oop }
                      ;*invokespecial <init> {reexecute=0 rethrow=0 return_oop=0}
                      ; - jdk.internal.loader.BuiltinClassLoader::defineClass@68 (line 770)
  0x0000020a51415df8: e48f d1ff 

  0x0000020a51415dfc: ;   {post_call_nop}
  0x0000020a51415dfc: 0f1f 8400 | f404 0009 | 4c8b 8424 | c000 0000 | 488b 9424 | a000 0000 

  0x0000020a51415e14: ;   {optimized virtual_call}
  0x0000020a51415e14: 6666 90e8 

  0x0000020a51415e18: ; ImmutableOopMap {[144]=Oop [160]=Oop [184]=Oop }
                      ;*invokevirtual getProtectionDomain {reexecute=0 rethrow=0 return_oop=0}
                      ; - java.security.SecureClassLoader::defineClass@5 (line 176)
                      ; - jdk.internal.loader.BuiltinClassLoader::defineClass@79 (line 771)
  0x0000020a51415e18: c48f d1ff 

  0x0000020a51415e1c: ;   {post_call_nop}
  0x0000020a51415e1c: 0f1f 8400 | 1405 000a | 4c8b 8424 | 9000 0000 | 4c8b 8c24 | b800 0000 | 488b f848 | 8b94 24a0 
  0x0000020a51415e3c: ;   {optimized virtual_call}
  0x0000020a51415e3c: 0000 00e8 

  0x0000020a51415e40: ; ImmutableOopMap {}
                      ;*invokevirtual defineClass {reexecute=0 rethrow=0 return_oop=0}
                      ; - java.security.SecureClassLoader::defineClass@8 (line 176)
                      ; - jdk.internal.loader.BuiltinClassLoader::defineClass@79 (line 771)
  0x0000020a51415e40: 9c8f d1ff 

  0x0000020a51415e44: ;   {post_call_nop}
  0x0000020a51415e44: 0f1f 8400 | 3c05 000b | 4881 c400 | 0100 005d 

  0x0000020a51415e54: ;   {poll_return}
  0x0000020a51415e54: 493b 6728 | 0f87 3f02 | 0000 c34c | 8b8c 2498 | 0000 0049 | 8bd1 6666 | 9048 b860 | 5fac 5d0a 
  0x0000020a51415e74: ;   {virtual_call}
  0x0000020a51415e74: 0200 00e8 

  0x0000020a51415e78: ; ImmutableOopMap {[144]=Oop [152]=Oop [160]=Oop [168]=Oop }
                      ;*invokevirtual getBytes {reexecute=0 rethrow=0 return_oop=0}
                      ; - jdk.internal.loader.BuiltinClassLoader::defineClass@84 (line 773)
  0x0000020a51415e78: 9696 0000 

  0x0000020a51415e7c: ;   {post_call_nop}
  0x0000020a51415e7c: 0f1f 8400 | 7405 000c | 4889 8424 | c800 0000 | 488b 9424 | 9800 0000 | 9048 b888 | 5fac 5d0a 
  0x0000020a51415e9c: ;   {virtual_call}
  0x0000020a51415e9c: 0200 00e8 

  0x0000020a51415ea0: ; ImmutableOopMap {[144]=Oop [160]=Oop [168]=Oop [200]=Oop }
                      ;*invokevirtual getCodeSigners {reexecute=0 rethrow=0 return_oop=0}
                      ; - jdk.internal.loader.BuiltinClassLoader::defineClass@90 (line 774)
  0x0000020a51415ea0: 6e9d 0000 

  0x0000020a51415ea4: ;   {post_call_nop}
  0x0000020a51415ea4: 0f1f 8400 | 9c05 000d 

  0x0000020a51415eac: ;   {metadata('java/security/CodeSource')}
  0x0000020a51415eac: 4c8b c848 | ba70 9d1c | 1700 0000 | 0049 8b87 | c801 0000 | 488d 7828 | 493b bfd8 | 0100 000f 
  0x0000020a51415ecc: 87e2 0100 | 0049 89bf | c801 0000 | 48c7 0001 | 0000 0048 | 8bca 41ba | 0000 0017 | 492b ca89 
  0x0000020a51415eec: 4808 4833 | c989 480c | 4833 c948 | 8948 1048 | 8948 1848 | 8948 204c | 8b84 24a8 | 0000 0048 
  0x0000020a51415f0c: 8bd0 4889 | 8424 d000 

  0x0000020a51415f14: ;   {optimized virtual_call}
  0x0000020a51415f14: 0000 90e8 

  0x0000020a51415f18: ; ImmutableOopMap {[144]=Oop [160]=Oop [200]=Oop [208]=Oop }
                      ;*invokespecial <init> {reexecute=0 rethrow=0 return_oop=0}
                      ; - jdk.internal.loader.BuiltinClassLoader::defineClass@102 (line 775)
  0x0000020a51415f18: 8430 0000 

  0x0000020a51415f1c: ;   {post_call_nop}
  0x0000020a51415f1c: 0f1f 8400 | 1406 000e | 488b 8424 | c800 0000 

  0x0000020a51415f2c: ; implicit exception: dispatches to 0x0000020a514160c0
  0x0000020a51415f2c: 8b70 0c4c | 8b84 24d0 | 0000 0048 | 8b94 24a0 | 0000 0089 | b424 d800 

  0x0000020a51415f44: ;   {optimized virtual_call}
  0x0000020a51415f44: 0000 90e8 

  0x0000020a51415f48: ; ImmutableOopMap {[144]=Oop [160]=Oop [200]=Oop }
                      ;*invokevirtual getProtectionDomain {reexecute=0 rethrow=0 return_oop=0}
                      ; - java.security.SecureClassLoader::defineClass@9 (line 144)
                      ; - jdk.internal.loader.BuiltinClassLoader::defineClass@117 (line 776)
  0x0000020a51415f48: d437 0000 

  0x0000020a51415f4c: ;   {post_call_nop}
  0x0000020a51415f4c: 0f1f 8400 | 4406 000f | 4c8b 8424 | 9000 0000 | 4c8b 8c24 | c800 0000 | bf00 0000 | 008b b424 
  0x0000020a51415f6c: d800 0000 | 488b c848 | 8b94 24a0 | 0000 000f 

  0x0000020a51415f7c: ;   {optimized virtual_call}
  0x0000020a51415f7c: 1f40 00e8 

  0x0000020a51415f80: ; ImmutableOopMap {}
                      ;*invokevirtual defineClass {reexecute=0 rethrow=0 return_oop=0}
                      ; - java.security.SecureClassLoader::defineClass@12 (line 144)
                      ; - jdk.internal.loader.BuiltinClassLoader::defineClass@117 (line 776)
  0x0000020a51415f80: 9c44 0000 

  0x0000020a51415f84: ;   {post_call_nop}
  0x0000020a51415f84: 0f1f 8400 | 7c06 0010 | 4881 c400 | 0100 005d 

  0x0000020a51415f94: ;   {poll_return}
  0x0000020a51415f94: 493b 6728 | 0f87 2701 | 0000 c349 | 8b87 8805 | 0000 4d33 | d24d 8997 | 8805 0000 | 4d33 d24d 
  0x0000020a51415fb4: 8997 9005 | 0000 488b | f048 8d84 | 24e0 0000 | 0048 8b58 | 0841 8bbf | d806 0000 | 493b 5c3f 
  0x0000020a51415fd4: f80f 8500 | 0100 0041 | 83af d806 | 0000 0849 | 3b5c 3ff0 | 0f84 2a00 | 0000 488b | 03a8 020f 
  0x0000020a51415ff4: 8512 0000 | 0048 8bf8 | 4883 cf01 | f048 0fb1 | 3b0f 840d | 0000 0041 | 8387 d806 | 0000 08e9 
  0x0000020a51416014: c300 0000 | 488b c6e9 | ee00 0000 

  0x0000020a51416020: ;   {runtime_call C1 Runtime throw_null_pointer_exception_blob}
  0x0000020a51416020: e8bb 45dc 

  0x0000020a51416024: ; ImmutableOopMap {rax=Oop r8=Oop [144]=Oop [152]=Oop [160]=Oop [168]=Oop }
                      ;*invokevirtual lastIndexOf {reexecute=0 rethrow=0 return_oop=0}
                      ; - jdk.internal.loader.BuiltinClassLoader::defineClass@8 (line 759)
                      ;   {runtime_call C1 Runtime throw_null_pointer_exception_blob}
  0x0000020a51416024: ffe8 b645 

  0x0000020a51416028: ; ImmutableOopMap {rax=Oop r8=Oop rsi=Oop [144]=Oop [152]=Oop [160]=Oop [168]=Oop }
                      ;*arraylength {reexecute=0 rethrow=0 return_oop=0}
                      ; - java.lang.String::length@4 (line 1583)
                      ; - java.lang.String::lastIndexOf@3 (line 2600)
                      ; - jdk.internal.loader.BuiltinClassLoader::defineClass@8 (line 759)
  0x0000020a51416028: dcff 4c89 | 4c24 0848 

  0x0000020a51416030: ;   {runtime_call C1 Runtime monitorenter_nofpu_blob}
  0x0000020a51416030: 8914 24e8 

  0x0000020a51416034: ; ImmutableOopMap {r9=Oop [144]=Oop [152]=Oop [160]=Oop [168]=Oop [232]=Oop }
                      ;*synchronization entry
                      ; - jdk.internal.loader.Resource::cachedInputStream@-1 (line 75)
                      ; - jdk.internal.loader.Resource::getByteBuffer@1 (line 133)
                      ; - jdk.internal.loader.BuiltinClassLoader::defineClass@45 (line 767)
  0x0000020a51416034: a87f dcff | e99f fbff | ff41 8b51 | 0c48 83fa | 000f 84ce | fbff ff48 

  0x0000020a5141604c: ;   {runtime_call g1_pre_barrier_slow}
  0x0000020a5141604c: 8914 24e8 | 0caa dcff | e9c0 fbff | ff48 83f8 | 000f 84d1 | fbff ff4c 

  0x0000020a51416064: ;   {runtime_call g1_post_barrier_slow}
  0x0000020a51416064: 890c 24e8 | f4ac dcff | e9c3 fbff | ff48 8d84 | 24e0 0000 | 0048 8904 

  0x0000020a5141607c: ;   {runtime_call C1 Runtime monitorexit_nofpu_blob}
  0x0000020a5141607c: 24e8 5e85 | dcff e90c | fcff ff48 

  0x0000020a51416088: ;   {runtime_call C1 Runtime throw_class_cast_exception_blob}
  0x0000020a51416088: 8914 24e8 

  0x0000020a5141608c: ; ImmutableOopMap {[144]=Oop [152]=Oop [160]=Oop [168]=Oop }
                      ;*checkcast {reexecute=0 rethrow=0 return_oop=0}
                      ; - jdk.internal.loader.Resource::getByteBuffer@13 (line 135)
                      ; - jdk.internal.loader.BuiltinClassLoader::defineClass@45 (line 767)
  0x0000020a5141608c: 5070 dcff 

  0x0000020a51416090: ;   {runtime_call C1 Runtime fast_new_instance_blob}
  0x0000020a51416090: 488b d2e8 

  0x0000020a51416094: ; ImmutableOopMap {r9=Oop [144]=Oop [160]=Oop [168]=Oop [184]=Oop }
                      ;*new {reexecute=0 rethrow=0 return_oop=0}
                      ; - jdk.internal.loader.BuiltinClassLoader::defineClass@61 (line 770)
  0x0000020a51416094: 4855 dcff | e946 fdff 

  0x0000020a5141609c: ;   {internal_word}
  0x0000020a5141609c: ff49 ba54 | 5e41 510a | 0200 004d | 8997 e004 

  0x0000020a514160ac: ;   {runtime_call SafepointBlob}
  0x0000020a514160ac: 0000 e9ad | aed1 ff48 

  0x0000020a514160b4: ;   {runtime_call C1 Runtime fast_new_instance_blob}
  0x0000020a514160b4: 8bd2 e825 

  0x0000020a514160b8: ; ImmutableOopMap {r9=Oop [144]=Oop [160]=Oop [168]=Oop [200]=Oop }
                      ;*new {reexecute=0 rethrow=0 return_oop=0}
                      ; - jdk.internal.loader.BuiltinClassLoader::defineClass@95 (line 775)
  0x0000020a514160b8: 55dc ffe9 | 43fe ffff 

  0x0000020a514160c0: ;   {runtime_call C1 Runtime throw_null_pointer_exception_blob}
  0x0000020a514160c0: e81b 45dc 

  0x0000020a514160c4: ; ImmutableOopMap {rax=Oop [144]=Oop [160]=Oop [200]=Oop [208]=Oop }
                      ;*arraylength {reexecute=0 rethrow=0 return_oop=0}
                      ; - jdk.internal.loader.BuiltinClassLoader::defineClass@114 (line 776)
                      ;   {internal_word}
  0x0000020a514160c4: ff49 ba94 | 5f41 510a | 0200 004d | 8997 e004 

  0x0000020a514160d4: ;   {runtime_call SafepointBlob}
  0x0000020a514160d4: 0000 e985 | aed1 ff48 | 8d84 24e0 | 0000 0048 

  0x0000020a514160e4: ;   {runtime_call C1 Runtime monitorexit_nofpu_blob}
  0x0000020a514160e4: 8904 24e8 | f484 dcff | e927 ffff | ff49 8b87 | 8805 0000 | 49c7 8788 | 0500 0000 | 0000 0049 
  0x0000020a51416104: c787 9005 | 0000 0000 | 0000 4881 | c400 0100 

  0x0000020a51416114: ;   {runtime_call C1 Runtime unwind_exception_blob}
  0x0000020a51416114: 005d e945 | 32dc fff4 | f4f4 f4f4 
[Stub Code]
  0x0000020a51416120: ;   {other}
  0x0000020a51416120: 0f1f 4400 

  0x0000020a51416124: ;   {static_stub}
  0x0000020a51416124: 0048 bb00 | 0000 0000 

  0x0000020a5141612c: ;   {runtime_call nmethod}
  0x0000020a5141612c: 0000 00e9 | fbff ffff 

  0x0000020a51416134: ;   {static_stub}
  0x0000020a51416134: 9048 bb00 | 0000 0000 

  0x0000020a5141613c: ;   {runtime_call nmethod}
  0x0000020a5141613c: 0000 00e9 | fbff ffff 

  0x0000020a51416144: ;   {static_stub}
  0x0000020a51416144: 9048 bb00 | 0000 0000 

  0x0000020a5141614c: ;   {runtime_call nmethod}
  0x0000020a5141614c: 0000 00e9 | fbff ffff 

  0x0000020a51416154: ;   {static_stub}
  0x0000020a51416154: 9048 bb00 | 0000 0000 

  0x0000020a5141615c: ;   {runtime_call nmethod}
  0x0000020a5141615c: 0000 00e9 | fbff ffff 

  0x0000020a51416164: ;   {static_stub}
  0x0000020a51416164: 9048 bb00 | 0000 0000 

  0x0000020a5141616c: ;   {runtime_call nmethod}
  0x0000020a5141616c: 0000 00e9 | fbff ffff 

  0x0000020a51416174: ;   {static_stub}
  0x0000020a51416174: 9048 bb00 | 0000 0000 

  0x0000020a5141617c: ;   {runtime_call nmethod}
  0x0000020a5141617c: 0000 00e9 | fbff ffff 

  0x0000020a51416184: ;   {static_stub}
  0x0000020a51416184: 9048 bb00 | 0000 0000 

  0x0000020a5141618c: ;   {runtime_call nmethod}
  0x0000020a5141618c: 0000 00e9 | fbff ffff 

  0x0000020a51416194: ;   {static_stub}
  0x0000020a51416194: 9048 bb00 | 0000 0000 

  0x0000020a5141619c: ;   {runtime_call nmethod}
  0x0000020a5141619c: 0000 00e9 | fbff ffff 

  0x0000020a514161a4: ;   {static_stub}
  0x0000020a514161a4: 48bb 0000 | 0000 0000 

  0x0000020a514161ac: ;   {runtime_call nmethod}
  0x0000020a514161ac: 0000 e9fb 

  0x0000020a514161b0: ;   {static_stub}
  0x0000020a514161b0: ffff ff48 | bb00 0000 | 0000 0000 

  0x0000020a514161bc: ;   {runtime_call nmethod}
  0x0000020a514161bc: 00e9 fbff 

  0x0000020a514161c0: ;   {static_stub}
  0x0000020a514161c0: ffff 48bb | 0000 0000 | 0000 0000 

  0x0000020a514161cc: ;   {runtime_call nmethod}
  0x0000020a514161cc: e9fb ffff 

  0x0000020a514161d0: ;   {static_stub}
  0x0000020a514161d0: ff48 bb00 | 0000 0000 

  0x0000020a514161d8: ;   {runtime_call nmethod}
  0x0000020a514161d8: 0000 00e9 | fbff ffff 

  0x0000020a514161e0: ;   {static_stub}
  0x0000020a514161e0: 48bb 0000 | 0000 0000 

  0x0000020a514161e8: ;   {runtime_call nmethod}
  0x0000020a514161e8: 0000 e9fb 

  0x0000020a514161ec: ;   {static_stub}
  0x0000020a514161ec: ffff ff48 | bb00 0000 | 0000 0000 

  0x0000020a514161f8: ;   {runtime_call nmethod}
  0x0000020a514161f8: 00e9 fbff 

  0x0000020a514161fc: ;   {static_stub}
  0x0000020a514161fc: ffff 48bb | 0000 0000 | 0000 0000 

  0x0000020a51416208: ;   {runtime_call nmethod}
  0x0000020a51416208: e9fb ffff 

  0x0000020a5141620c: ;   {runtime_call C1 Runtime handle_exception_from_callee_blob}
  0x0000020a5141620c: ffe8 ce68 

  0x0000020a51416210: ;   {external_word}
  0x0000020a51416210: dcff 48b9 | 3808 e112 | fa7f 0000 | 4883 e4f0 

  0x0000020a51416220: ;   {runtime_call}
  0x0000020a51416220: 48b8 508c | a412 fa7f | 0000 ffd0 

  0x0000020a5141622c: ;   {section_word}
  0x0000020a5141622c: f449 ba2d | 6241 510a | 0200 0041 

  0x0000020a51416238: ;   {runtime_call DeoptimizationBlob}
  0x0000020a51416238: 52e9 22b0 | d1ff f4f4 
[/MachCode]


---------------  P R O C E S S  ---------------

Threads class SMR info:
_java_thread_list=0x0000020a5e562ba0, length=16, elements={
0x0000020a4886be50, 0x0000020a58edeba0, 0x0000020a58edf600, 0x0000020a58ee26d0,
0x0000020a58ee51d0, 0x0000020a58f07360, 0x0000020a58f09f30, 0x0000020a58f0aaf0,
0x0000020a58f722f0, 0x0000020a5d0bd4f0, 0x0000020a5d40e530, 0x0000020a5d410d00,
0x0000020a5da808d0, 0x0000020a5e136600, 0x0000020a5e116a40, 0x0000020a5ef30090
}

Java Threads: ( => current thread )
  0x0000020a4886be50 JavaThread "main"                              [_thread_in_vm, id=1928, stack(0x000000cbd2200000,0x000000cbd2300000) (1024K)]
  0x0000020a58edeba0 JavaThread "Reference Handler"          daemon [_thread_blocked, id=30780, stack(0x000000cbd2a00000,0x000000cbd2b00000) (1024K)]
  0x0000020a58edf600 JavaThread "Finalizer"                  daemon [_thread_blocked, id=21560, stack(0x000000cbd2b00000,0x000000cbd2c00000) (1024K)]
  0x0000020a58ee26d0 JavaThread "Signal Dispatcher"          daemon [_thread_blocked, id=32576, stack(0x000000cbd2c00000,0x000000cbd2d00000) (1024K)]
  0x0000020a58ee51d0 JavaThread "Attach Listener"            daemon [_thread_blocked, id=31964, stack(0x000000cbd2d00000,0x000000cbd2e00000) (1024K)]
  0x0000020a58f07360 JavaThread "Service Thread"             daemon [_thread_blocked, id=23640, stack(0x000000cbd2e00000,0x000000cbd2f00000) (1024K)]
  0x0000020a58f09f30 JavaThread "Monitor Deflation Thread"   daemon [_thread_blocked, id=18328, stack(0x000000cbd2f00000,0x000000cbd3000000) (1024K)]
  0x0000020a58f0aaf0 JavaThread "C1 CompilerThread0"         daemon [_thread_blocked, id=30432, stack(0x000000cbd3000000,0x000000cbd3100000) (1024K)]
  0x0000020a58f722f0 JavaThread "C1 CompilerThread1"         daemon [_thread_blocked, id=20728, stack(0x000000cbd3100000,0x000000cbd3200000) (1024K)]
  0x0000020a5d0bd4f0 JavaThread "Common-Cleaner"             daemon [_thread_blocked, id=33856, stack(0x000000cbd3200000,0x000000cbd3300000) (1024K)]
  0x0000020a5d40e530 JavaThread "Monitor Ctrl-Break"         daemon [_thread_in_native, id=3812, stack(0x000000cbd3300000,0x000000cbd3400000) (1024K)]
  0x0000020a5d410d00 JavaThread "Notification Thread"        daemon [_thread_blocked, id=22028, stack(0x000000cbd3400000,0x000000cbd3500000) (1024K)]
  0x0000020a5da808d0 JavaThread "RMI TCP Accept-0"           daemon [_thread_in_native, id=26444, stack(0x000000cbd3500000,0x000000cbd3600000) (1024K)]
  0x0000020a5e136600 JavaThread "RMI TCP Connection(1)-172.21.160.1" daemon [_thread_in_native, id=29748, stack(0x000000cbd3600000,0x000000cbd3700000) (1024K)]
  0x0000020a5e116a40 JavaThread "RMI Scheduler(0)"           daemon [_thread_blocked, id=35240, stack(0x000000cbd3700000,0x000000cbd3800000) (1024K)]
=>0x0000020a5ef30090 JavaThread "Thread-0"                          [_thread_in_vm, id=14292, stack(0x000000cbd3800000,0x000000cbd3900000) (1024K)]
Total: 16

Other Threads:
  0x0000020a58ec6f30 VMThread "VM Thread"                           [id=12948, stack(0x000000cbd2900000,0x000000cbd2a00000) (1024K)]
  0x0000020a58eb11a0 WatcherThread "VM Periodic Task Thread"        [id=22044, stack(0x000000cbd2800000,0x000000cbd2900000) (1024K)]
  0x0000020a488b6b50 WorkerThread "GC Thread#0"                     [id=10404, stack(0x000000cbd2300000,0x000000cbd2400000) (1024K)]
  0x0000020a5e1ac580 WorkerThread "GC Thread#1"                     [id=32988, stack(0x000000cbd3a00000,0x000000cbd3b00000) (1024K)]
  0x0000020a5e1ac9b0 WorkerThread "GC Thread#2"                     [id=12736, stack(0x000000cbd3b00000,0x000000cbd3c00000) (1024K)]
  0x0000020a5e17c560 WorkerThread "GC Thread#3"                     [id=8464, stack(0x000000cbd3c00000,0x000000cbd3d00000) (1024K)]
  0x0000020a5e203660 WorkerThread "GC Thread#4"                     [id=16408, stack(0x000000cbd3d00000,0x000000cbd3e00000) (1024K)]
  0x0000020a5e2062c0 WorkerThread "GC Thread#5"                     [id=22672, stack(0x000000cbd3e00000,0x000000cbd3f00000) (1024K)]
  0x0000020a5e2066f0 WorkerThread "GC Thread#6"                     [id=21664, stack(0x000000cbd3f00000,0x000000cbd4000000) (1024K)]
  0x0000020a5e209350 WorkerThread "GC Thread#7"                     [id=10564, stack(0x000000cbd4000000,0x000000cbd4100000) (1024K)]
  0x0000020a488ca550 ConcurrentGCThread "G1 Main Marker"            [id=20496, stack(0x000000cbd2400000,0x000000cbd2500000) (1024K)]
  0x0000020a488cde50 WorkerThread "G1 Conc#0"                       [id=7068, stack(0x000000cbd2500000,0x000000cbd2600000) (1024K)]
  0x0000020a4891e970 ConcurrentGCThread "G1 Refine#0"               [id=5424, stack(0x000000cbd2600000,0x000000cbd2700000) (1024K)]
  0x0000020a58d844a0 ConcurrentGCThread "G1 Service"                [id=2484, stack(0x000000cbd2700000,0x000000cbd2800000) (1024K)]
Total: 14

Threads with active compile tasks:
Total: 0

VM state: not at safepoint (normal execution)

VM Mutex/Monitor currently owned by a thread:  ([mutex/lock_event])
[0x00007ffa130d72a8] Metaspace_lock - owner thread: 0x0000020a5ef30090

Heap address: 0x00000000a2800000, size: 1496 MB, Compressed Oops mode: 32-bit

CDS archive(s) mapped at: [0x0000000017000000-0x0000000017dd0000-0x0000000017dd0000), size 14483456, SharedBaseAddress: 0x0000000017000000, ArchiveRelocationMode: 1.
Compressed class space mapped at: 0x0000000018000000-0x0000000058000000, reserved size: 1073741824
UseCompressedClassPointers 1, UseCompactObjectHeaders 0
Narrow klass pointer bits 32, Max shift 3
Narrow klass base: 0x0000000017000000, Narrow klass shift: 0
Encoding Range: [0x0000000017000000 - 0x0000000117000000), (4294967296 bytes)
Klass Range:    [0x0000000017010000 - 0x0000000058000000), (1090453504 bytes)
Klass ID Range:  [65536 - 1090519033) (1090453497)
Protection zone: [0x0000000017000000 - 0x0000000017010000), (65536 bytes)

GC Precious Log:
 CardTable entry size: 512
 Card Set container configuration: InlinePtr #cards 5 size 8 Array Of Cards #cards 10 size 36 Howl #buckets 4 coarsen threshold 1843 Howl Bitmap #cards 512 size 80 coarsen threshold 460 Card regions per heap region 1 cards per card region 2048
 CPUs: 12 total, 12 available
 Memory: 5981M
 Large Page Support: Disabled
 NUMA Support: Disabled
 Compressed Oops: Enabled (32-bit)
 Heap Region Size: 1M
 Heap Min Capacity: 8M
 Heap Initial Capacity: 94M
 Heap Max Capacity: 1496M
 Pre-touch: Disabled
 Parallel Workers: 10
 Concurrent Workers: 3
 Concurrent Refinement Workers: 10
 Periodic GC: Disabled

Heap:
 garbage-first heap   total reserved 1531904K, committed 98304K, used 40384K [0x00000000a2800000, 0x0000000100000000)
  region size 1024K, 38 young (38912K), 6 survivors (6144K)

Heap Regions: E=young(eden), S=young(survivor), O=old, HS=humongous(starts), HC=humongous(continues), CS=collection set, F=free, TAMS=top-at-mark-start, PB=parsable bottom
|   0|0x00000000a2800000, 0x00000000a2900000, 0x00000000a2900000|100%|HS|  |TAMS 0x00000000a2800000| PB 0x00000000a2800000| Complete |  0
|   1|0x00000000a2900000, 0x00000000a2a00000, 0x00000000a2a00000|100%| O|  |TAMS 0x00000000a2900000| PB 0x00000000a2900000| Untracked |  0
|   2|0x00000000a2a00000, 0x00000000a2a4ac20, 0x00000000a2b00000| 29%| O|  |TAMS 0x00000000a2a00000| PB 0x00000000a2a00000| Untracked |  0
|   3|0x00000000a2b00000, 0x00000000a2b00000, 0x00000000a2c00000|  0%| F|  |TAMS 0x00000000a2b00000| PB 0x00000000a2b00000| Untracked |  0
|   4|0x00000000a2c00000, 0x00000000a2c00000, 0x00000000a2d00000|  0%| F|  |TAMS 0x00000000a2c00000| PB 0x00000000a2c00000| Untracked |  0
|   5|0x00000000a2d00000, 0x00000000a2d00000, 0x00000000a2e00000|  0%| F|  |TAMS 0x00000000a2d00000| PB 0x00000000a2d00000| Untracked |  0
|   6|0x00000000a2e00000, 0x00000000a2e00000, 0x00000000a2f00000|  0%| F|  |TAMS 0x00000000a2e00000| PB 0x00000000a2e00000| Untracked |  0
|   7|0x00000000a2f00000, 0x00000000a2f00000, 0x00000000a3000000|  0%| F|  |TAMS 0x00000000a2f00000| PB 0x00000000a2f00000| Untracked |  0
|   8|0x00000000a3000000, 0x00000000a3000000, 0x00000000a3100000|  0%| F|  |TAMS 0x00000000a3000000| PB 0x00000000a3000000| Untracked |  0
|   9|0x00000000a3100000, 0x00000000a3100000, 0x00000000a3200000|  0%| F|  |TAMS 0x00000000a3100000| PB 0x00000000a3100000| Untracked |  0
|  10|0x00000000a3200000, 0x00000000a3200000, 0x00000000a3300000|  0%| F|  |TAMS 0x00000000a3200000| PB 0x00000000a3200000| Untracked |  0
|  11|0x00000000a3300000, 0x00000000a3300000, 0x00000000a3400000|  0%| F|  |TAMS 0x00000000a3300000| PB 0x00000000a3300000| Untracked |  0
|  12|0x00000000a3400000, 0x00000000a3400000, 0x00000000a3500000|  0%| F|  |TAMS 0x00000000a3400000| PB 0x00000000a3400000| Untracked |  0
|  13|0x00000000a3500000, 0x00000000a3500000, 0x00000000a3600000|  0%| F|  |TAMS 0x00000000a3500000| PB 0x00000000a3500000| Untracked |  0
|  14|0x00000000a3600000, 0x00000000a3600000, 0x00000000a3700000|  0%| F|  |TAMS 0x00000000a3600000| PB 0x00000000a3600000| Untracked |  0
|  15|0x00000000a3700000, 0x00000000a3700000, 0x00000000a3800000|  0%| F|  |TAMS 0x00000000a3700000| PB 0x00000000a3700000| Untracked |  0
|  16|0x00000000a3800000, 0x00000000a3800000, 0x00000000a3900000|  0%| F|  |TAMS 0x00000000a3800000| PB 0x00000000a3800000| Untracked |  0
|  17|0x00000000a3900000, 0x00000000a3900000, 0x00000000a3a00000|  0%| F|  |TAMS 0x00000000a3900000| PB 0x00000000a3900000| Untracked |  0
|  18|0x00000000a3a00000, 0x00000000a3a00000, 0x00000000a3b00000|  0%| F|  |TAMS 0x00000000a3a00000| PB 0x00000000a3a00000| Untracked |  0
|  19|0x00000000a3b00000, 0x00000000a3b00000, 0x00000000a3c00000|  0%| F|  |TAMS 0x00000000a3b00000| PB 0x00000000a3b00000| Untracked |  0
|  20|0x00000000a3c00000, 0x00000000a3c00000, 0x00000000a3d00000|  0%| F|  |TAMS 0x00000000a3c00000| PB 0x00000000a3c00000| Untracked |  0
|  21|0x00000000a3d00000, 0x00000000a3d00000, 0x00000000a3e00000|  0%| F|  |TAMS 0x00000000a3d00000| PB 0x00000000a3d00000| Untracked |  0
|  22|0x00000000a3e00000, 0x00000000a3e00000, 0x00000000a3f00000|  0%| F|  |TAMS 0x00000000a3e00000| PB 0x00000000a3e00000| Untracked |  0
|  23|0x00000000a3f00000, 0x00000000a3f00000, 0x00000000a4000000|  0%| F|  |TAMS 0x00000000a3f00000| PB 0x00000000a3f00000| Untracked |  0
|  24|0x00000000a4000000, 0x00000000a4000000, 0x00000000a4100000|  0%| F|  |TAMS 0x00000000a4000000| PB 0x00000000a4000000| Untracked |  0
|  25|0x00000000a4100000, 0x00000000a4100000, 0x00000000a4200000|  0%| F|  |TAMS 0x00000000a4100000| PB 0x00000000a4100000| Untracked |  0
|  26|0x00000000a4200000, 0x00000000a4200000, 0x00000000a4300000|  0%| F|  |TAMS 0x00000000a4200000| PB 0x00000000a4200000| Untracked |  0
|  27|0x00000000a4300000, 0x00000000a4300000, 0x00000000a4400000|  0%| F|  |TAMS 0x00000000a4300000| PB 0x00000000a4300000| Untracked |  0
|  28|0x00000000a4400000, 0x00000000a4400000, 0x00000000a4500000|  0%| F|  |TAMS 0x00000000a4400000| PB 0x00000000a4400000| Untracked |  0
|  29|0x00000000a4500000, 0x00000000a4500000, 0x00000000a4600000|  0%| F|  |TAMS 0x00000000a4500000| PB 0x00000000a4500000| Untracked |  0
|  30|0x00000000a4600000, 0x00000000a4600000, 0x00000000a4700000|  0%| F|  |TAMS 0x00000000a4600000| PB 0x00000000a4600000| Untracked |  0
|  31|0x00000000a4700000, 0x00000000a4700000, 0x00000000a4800000|  0%| F|  |TAMS 0x00000000a4700000| PB 0x00000000a4700000| Untracked |  0
|  32|0x00000000a4800000, 0x00000000a4800000, 0x00000000a4900000|  0%| F|  |TAMS 0x00000000a4800000| PB 0x00000000a4800000| Untracked |  0
|  33|0x00000000a4900000, 0x00000000a4900000, 0x00000000a4a00000|  0%| F|  |TAMS 0x00000000a4900000| PB 0x00000000a4900000| Untracked |  0
|  34|0x00000000a4a00000, 0x00000000a4a00000, 0x00000000a4b00000|  0%| F|  |TAMS 0x00000000a4a00000| PB 0x00000000a4a00000| Untracked |  0
|  35|0x00000000a4b00000, 0x00000000a4b00000, 0x00000000a4c00000|  0%| F|  |TAMS 0x00000000a4b00000| PB 0x00000000a4b00000| Untracked |  0
|  36|0x00000000a4c00000, 0x00000000a4c00000, 0x00000000a4d00000|  0%| F|  |TAMS 0x00000000a4c00000| PB 0x00000000a4c00000| Untracked |  0
|  37|0x00000000a4d00000, 0x00000000a4d00000, 0x00000000a4e00000|  0%| F|  |TAMS 0x00000000a4d00000| PB 0x00000000a4d00000| Untracked |  0
|  38|0x00000000a4e00000, 0x00000000a4e00000, 0x00000000a4f00000|  0%| F|  |TAMS 0x00000000a4e00000| PB 0x00000000a4e00000| Untracked |  0
|  39|0x00000000a4f00000, 0x00000000a4f00000, 0x00000000a5000000|  0%| F|  |TAMS 0x00000000a4f00000| PB 0x00000000a4f00000| Untracked |  0
|  40|0x00000000a5000000, 0x00000000a5000000, 0x00000000a5100000|  0%| F|  |TAMS 0x00000000a5000000| PB 0x00000000a5000000| Untracked |  0
|  41|0x00000000a5100000, 0x00000000a5200000, 0x00000000a5200000|100%| S|CS|TAMS 0x00000000a5100000| PB 0x00000000a5100000| Complete |  0
|  42|0x00000000a5200000, 0x00000000a5300000, 0x00000000a5300000|100%| S|CS|TAMS 0x00000000a5200000| PB 0x00000000a5200000| Complete |  0
|  43|0x00000000a5300000, 0x00000000a5400000, 0x00000000a5400000|100%| S|CS|TAMS 0x00000000a5300000| PB 0x00000000a5300000| Complete |  0
|  44|0x00000000a5400000, 0x00000000a5500000, 0x00000000a5500000|100%| S|CS|TAMS 0x00000000a5400000| PB 0x00000000a5400000| Complete |  0
|  45|0x00000000a5500000, 0x00000000a5600000, 0x00000000a5600000|100%| S|CS|TAMS 0x00000000a5500000| PB 0x00000000a5500000| Complete |  0
|  46|0x00000000a5600000, 0x00000000a5700000, 0x00000000a5700000|100%| S|CS|TAMS 0x00000000a5600000| PB 0x00000000a5600000| Complete |  0
|  47|0x00000000a5700000, 0x00000000a5700000, 0x00000000a5800000|  0%| F|  |TAMS 0x00000000a5700000| PB 0x00000000a5700000| Untracked |  0
|  48|0x00000000a5800000, 0x00000000a5800000, 0x00000000a5900000|  0%| F|  |TAMS 0x00000000a5800000| PB 0x00000000a5800000| Untracked |  0
|  49|0x00000000a5900000, 0x00000000a5900000, 0x00000000a5a00000|  0%| F|  |TAMS 0x00000000a5900000| PB 0x00000000a5900000| Untracked |  0
|  50|0x00000000a5a00000, 0x00000000a5a00000, 0x00000000a5b00000|  0%| F|  |TAMS 0x00000000a5a00000| PB 0x00000000a5a00000| Untracked |  0
|  51|0x00000000a5b00000, 0x00000000a5b00000, 0x00000000a5c00000|  0%| F|  |TAMS 0x00000000a5b00000| PB 0x00000000a5b00000| Untracked |  0
|  52|0x00000000a5c00000, 0x00000000a5c00000, 0x00000000a5d00000|  0%| F|  |TAMS 0x00000000a5c00000| PB 0x00000000a5c00000| Untracked |  0
|  53|0x00000000a5d00000, 0x00000000a5d00000, 0x00000000a5e00000|  0%| F|  |TAMS 0x00000000a5d00000| PB 0x00000000a5d00000| Untracked |  0
|  54|0x00000000a5e00000, 0x00000000a5e00000, 0x00000000a5f00000|  0%| F|  |TAMS 0x00000000a5e00000| PB 0x00000000a5e00000| Untracked |  0
|  55|0x00000000a5f00000, 0x00000000a5f00000, 0x00000000a6000000|  0%| F|  |TAMS 0x00000000a5f00000| PB 0x00000000a5f00000| Untracked |  0
|  56|0x00000000a6000000, 0x00000000a6000000, 0x00000000a6100000|  0%| F|  |TAMS 0x00000000a6000000| PB 0x00000000a6000000| Untracked |  0
|  57|0x00000000a6100000, 0x00000000a6100000, 0x00000000a6200000|  0%| F|  |TAMS 0x00000000a6100000| PB 0x00000000a6100000| Untracked |  0
|  58|0x00000000a6200000, 0x00000000a6200000, 0x00000000a6300000|  0%| F|  |TAMS 0x00000000a6200000| PB 0x00000000a6200000| Untracked |  0
|  59|0x00000000a6300000, 0x00000000a6300000, 0x00000000a6400000|  0%| F|  |TAMS 0x00000000a6300000| PB 0x00000000a6300000| Untracked |  0
|  60|0x00000000a6400000, 0x00000000a6400000, 0x00000000a6500000|  0%| F|  |TAMS 0x00000000a6400000| PB 0x00000000a6400000| Untracked |  0
|  61|0x00000000a6500000, 0x00000000a6500000, 0x00000000a6600000|  0%| F|  |TAMS 0x00000000a6500000| PB 0x00000000a6500000| Untracked |  0
|  62|0x00000000a6600000, 0x00000000a66614b0, 0x00000000a6700000| 38%| E|  |TAMS 0x00000000a6600000| PB 0x00000000a6600000| Complete |  0
|  63|0x00000000a6700000, 0x00000000a6800000, 0x00000000a6800000|100%| E|  |TAMS 0x00000000a6700000| PB 0x00000000a6700000| Complete |  0
|  64|0x00000000a6800000, 0x00000000a6900000, 0x00000000a6900000|100%| E|CS|TAMS 0x00000000a6800000| PB 0x00000000a6800000| Complete |  0
|  65|0x00000000a6900000, 0x00000000a6a00000, 0x00000000a6a00000|100%| E|CS|TAMS 0x00000000a6900000| PB 0x00000000a6900000| Complete |  0
|  66|0x00000000a6a00000, 0x00000000a6b00000, 0x00000000a6b00000|100%| E|CS|TAMS 0x00000000a6a00000| PB 0x00000000a6a00000| Complete |  0
|  67|0x00000000a6b00000, 0x00000000a6c00000, 0x00000000a6c00000|100%| E|CS|TAMS 0x00000000a6b00000| PB 0x00000000a6b00000| Complete |  0
|  68|0x00000000a6c00000, 0x00000000a6d00000, 0x00000000a6d00000|100%| E|CS|TAMS 0x00000000a6c00000| PB 0x00000000a6c00000| Complete |  0
|  69|0x00000000a6d00000, 0x00000000a6e00000, 0x00000000a6e00000|100%| E|CS|TAMS 0x00000000a6d00000| PB 0x00000000a6d00000| Complete |  0
|  70|0x00000000a6e00000, 0x00000000a6f00000, 0x00000000a6f00000|100%| E|CS|TAMS 0x00000000a6e00000| PB 0x00000000a6e00000| Complete |  0
|  71|0x00000000a6f00000, 0x00000000a7000000, 0x00000000a7000000|100%| E|CS|TAMS 0x00000000a6f00000| PB 0x00000000a6f00000| Complete |  0
|  72|0x00000000a7000000, 0x00000000a7100000, 0x00000000a7100000|100%| E|CS|TAMS 0x00000000a7000000| PB 0x00000000a7000000| Complete |  0
|  73|0x00000000a7100000, 0x00000000a7200000, 0x00000000a7200000|100%| E|CS|TAMS 0x00000000a7100000| PB 0x00000000a7100000| Complete |  0
|  74|0x00000000a7200000, 0x00000000a7300000, 0x00000000a7300000|100%| E|CS|TAMS 0x00000000a7200000| PB 0x00000000a7200000| Complete |  0
|  75|0x00000000a7300000, 0x00000000a7400000, 0x00000000a7400000|100%| E|CS|TAMS 0x00000000a7300000| PB 0x00000000a7300000| Complete |  0
|  76|0x00000000a7400000, 0x00000000a7500000, 0x00000000a7500000|100%| E|CS|TAMS 0x00000000a7400000| PB 0x00000000a7400000| Complete |  0
|  77|0x00000000a7500000, 0x00000000a7600000, 0x00000000a7600000|100%| E|CS|TAMS 0x00000000a7500000| PB 0x00000000a7500000| Complete |  0
|  78|0x00000000a7600000, 0x00000000a7700000, 0x00000000a7700000|100%| E|CS|TAMS 0x00000000a7600000| PB 0x00000000a7600000| Complete |  0
|  79|0x00000000a7700000, 0x00000000a7800000, 0x00000000a7800000|100%| E|CS|TAMS 0x00000000a7700000| PB 0x00000000a7700000| Complete |  0
|  80|0x00000000a7800000, 0x00000000a7900000, 0x00000000a7900000|100%| E|CS|TAMS 0x00000000a7800000| PB 0x00000000a7800000| Complete |  0
|  81|0x00000000a7900000, 0x00000000a7a00000, 0x00000000a7a00000|100%| E|CS|TAMS 0x00000000a7900000| PB 0x00000000a7900000| Complete |  0
|  82|0x00000000a7a00000, 0x00000000a7b00000, 0x00000000a7b00000|100%| E|CS|TAMS 0x00000000a7a00000| PB 0x00000000a7a00000| Complete |  0
|  83|0x00000000a7b00000, 0x00000000a7c00000, 0x00000000a7c00000|100%| E|CS|TAMS 0x00000000a7b00000| PB 0x00000000a7b00000| Complete |  0
|  84|0x00000000a7c00000, 0x00000000a7d00000, 0x00000000a7d00000|100%| E|CS|TAMS 0x00000000a7c00000| PB 0x00000000a7c00000| Complete |  0
|  85|0x00000000a7d00000, 0x00000000a7e00000, 0x00000000a7e00000|100%| E|CS|TAMS 0x00000000a7d00000| PB 0x00000000a7d00000| Complete |  0
|  86|0x00000000a7e00000, 0x00000000a7f00000, 0x00000000a7f00000|100%| E|CS|TAMS 0x00000000a7e00000| PB 0x00000000a7e00000| Complete |  0
|  87|0x00000000a7f00000, 0x00000000a8000000, 0x00000000a8000000|100%| E|CS|TAMS 0x00000000a7f00000| PB 0x00000000a7f00000| Complete |  0
|  88|0x00000000a8000000, 0x00000000a8100000, 0x00000000a8100000|100%| E|CS|TAMS 0x00000000a8000000| PB 0x00000000a8000000| Complete |  0
|  89|0x00000000a8100000, 0x00000000a8200000, 0x00000000a8200000|100%| E|CS|TAMS 0x00000000a8100000| PB 0x00000000a8100000| Complete |  0
|  90|0x00000000a8200000, 0x00000000a8300000, 0x00000000a8300000|100%| E|CS|TAMS 0x00000000a8200000| PB 0x00000000a8200000| Complete |  0
|  91|0x00000000a8300000, 0x00000000a8400000, 0x00000000a8400000|100%| E|CS|TAMS 0x00000000a8300000| PB 0x00000000a8300000| Complete |  0
|  92|0x00000000a8400000, 0x00000000a8500000, 0x00000000a8500000|100%| E|CS|TAMS 0x00000000a8400000| PB 0x00000000a8400000| Complete |  0
|  93|0x00000000a8500000, 0x00000000a8600000, 0x00000000a8600000|100%| E|CS|TAMS 0x00000000a8500000| PB 0x00000000a8500000| Complete |  0
|1494|0x00000000ffe00000, 0x00000000fff00000, 0x00000000fff00000|100%| O|  |TAMS 0x00000000ffe00000| PB 0x00000000ffe00000| Untracked |  0
|1495|0x00000000fff00000, 0x00000000fff25608, 0x0000000100000000| 14%| O|  |TAMS 0x00000000fff00000| PB 0x00000000fff00000| Untracked |  0

Card table byte_map: [0x0000020a54810000,0x0000020a54b00000] _byte_map_base: 0x0000020a542fc000

Marking Bits: (CMBitMap*) 0x0000020a488b72e0
 Bits: [0x0000020a54b00000, 0x0000020a56260000)

Polling page: 0x0000020a466c0000

Metaspace:
Metaspace        used 20065K, committed 20352K, reserved 1114112K
 class space     used 2117K, committed 2240K, reserved 1048576K

Usage:
  Non-class:     17.53 MB used.
      Class:      2.07 MB used.
       Both:     19.59 MB used.

Virtual space:
  Non-class space:       64.00 MB reserved,      17.69 MB ( 28%) committed,  1 nodes.
      Class space:        1.00 GB reserved,       2.19 MB ( <1%) committed,  1 nodes.
             Both:        1.06 GB reserved,      19.88 MB (  2%) committed. 

Chunk freelists:
   Non-Class:  14.05 MB
       Class:  13.86 MB
        Both:  27.91 MB

MaxMetaspaceSize: unlimited
CompressedClassSpaceSize: 1.00 GB
Initial GC threshold: 21.00 MB
Current GC threshold: 21.00 MB
CDS: on
 - commit_granule_bytes: 65536.
 - commit_granule_words: 8192.
 - virtual_space_node_default_size: 8388608.
 - enlarge_chunks_in_place: 1.
UseCompressedClassPointers 1, UseCompactObjectHeaders 0
Narrow klass pointer bits 32, Max shift 3
Narrow klass base: 0x0000000017000000, Narrow klass shift: 0
Encoding Range: [0x0000000017000000 - 0x0000000117000000), (4294967296 bytes)
Klass Range:    [0x0000000017010000 - 0x0000000058000000), (1090453504 bytes)
Klass ID Range:  [65536 - 1090519033) (1090453497)
Protection zone: [0x0000000017000000 - 0x0000000017010000), (65536 bytes)


Internal statistics:

num_allocs_failed_limit: 0.
num_arena_births: 258.
num_arena_deaths: 0.
num_vsnodes_births: 2.
num_vsnodes_deaths: 0.
num_space_committed: 318.
num_space_uncommitted: 0.
num_chunks_returned_to_freelist: 0.
num_chunks_taken_from_freelist: 855.
num_chunk_merges: 0.
num_chunk_splits: 587.
num_chunks_enlarged: 444.
num_inconsistent_stats: 0.

CodeCache: size=49152Kb used=4863Kb max_used=4863Kb free=44288Kb
 bounds [0x0000020a510e0000, 0x0000020a515a0000, 0x0000020a540e0000]
 total_blobs=3376, nmethods=2832, adapters=467, full_count=0
Compilation: enabled, stopped_count=0, restarted_count=0

Compilation events (20 events):
Event: 2.087 Thread 0x0000020a58f722f0 nmethod 2809 0x0000020a51598088 code [0x0000020a51598180, 0x0000020a515982b0]
Event: 2.087 Thread 0x0000020a58f0aaf0 nmethod 2808 0x0000020a51598388 code [0x0000020a51598480, 0x0000020a51598600]
Event: 2.087 Thread 0x0000020a58f722f0 2810       1       org.springframework.boot.context.properties.source.SoftReferenceConfigurationPropertyCache::override (40 bytes)
Event: 2.087 Thread 0x0000020a58f0aaf0 2811       1       org.springframework.boot.context.properties.source.ConfigurationPropertySourcesCaching$CacheOverrides$$Lambda/0x000000001812c258::accept (10 bytes)
Event: 2.087 Thread 0x0000020a58f0aaf0 nmethod 2811 0x0000020a51598688 code [0x0000020a51598780, 0x0000020a515988c8]
Event: 2.087 Thread 0x0000020a58f722f0 nmethod 2810 0x0000020a51598988 code [0x0000020a51598a80, 0x0000020a51598ea0]
Event: 2.103 Thread 0x0000020a58f722f0 2812       1       java.net.URLConnection::getUseCaches (5 bytes)
Event: 2.104 Thread 0x0000020a58f722f0 nmethod 2812 0x0000020a51598f08 code [0x0000020a51599000, 0x0000020a515990c8]
Event: 2.106 Thread 0x0000020a58f722f0 2813       1       jdk.internal.loader.URLClassPath$1::next (55 bytes)
Event: 2.106 Thread 0x0000020a58f722f0 nmethod 2813 0x0000020a51599208 code [0x0000020a51599300, 0x0000020a51599528]
Event: 2.108 Thread 0x0000020a58f722f0 2814       1       sun.net.www.ParseUtil::isLocalFileURL (56 bytes)
Event: 2.108 Thread 0x0000020a58f722f0 nmethod 2814 0x0000020a51599588 code [0x0000020a51599680, 0x0000020a51599850]
Event: 2.109 Thread 0x0000020a58f722f0 2815   !   1       sun.net.www.ParseUtil::decode (349 bytes)
Event: 2.111 Thread 0x0000020a58f722f0 nmethod 2815 0x0000020a51599888 code [0x0000020a515999a0, 0x0000020a5159afa0]
Event: 2.117 Thread 0x0000020a58f722f0 2816       1       java.lang.invoke.BoundMethodHandle$SpeciesData::extendWith (64 bytes)
Event: 2.118 Thread 0x0000020a58f722f0 nmethod 2816 0x0000020a5159b008 code [0x0000020a5159b100, 0x0000020a5159b580]
Event: 2.120 Thread 0x0000020a58f722f0 2817  s    1       java.io.ByteArrayOutputStream::write (43 bytes)
Event: 2.120 Thread 0x0000020a58f722f0 nmethod 2817 0x0000020a5159b608 code [0x0000020a5159b700, 0x0000020a5159bb78]
Event: 2.148 Thread 0x0000020a58f722f0 2818       1       org.springframework.util.StringUtils::delimitedListToStringArray (7 bytes)
Event: 2.148 Thread 0x0000020a58f722f0 nmethod 2818 0x0000020a5159bb88 code [0x0000020a5159bc80, 0x0000020a5159bd48]

GC Heap Usage History (2 events):
Event: 1.564 {heap Before GC invocations=0 (full 0):
 garbage-first heap   total reserved 1531904K, committed 98304K, used 49301K [0x00000000a2800000, 0x0000000100000000)
  region size 1024K, 47 young (48128K), 0 survivors (0K)
}
Event: 1.576 {heap After GC invocations=1 (full 0):
 garbage-first heap   total reserved 1531904K, committed 98304K, used 9664K [0x00000000a2800000, 0x0000000100000000)
  region size 1024K, 6 young (6144K), 6 survivors (6144K)
}

Metaspace Usage History (2 events):
Event: 1.564 {metaspace Before GC invocations=0 (full 0):
 Metaspace       used 11975K, committed 12224K, reserved 1114112K
  class space    used 1338K, committed 1472K, reserved 1048576K
}
Event: 1.576 {metaspace After GC invocations=1 (full 0):
 Metaspace       used 11975K, committed 12224K, reserved 1114112K
  class space    used 1338K, committed 1472K, reserved 1048576K
}

Dll operation events (11 events):
Event: 0.022 Loaded shared library C:\Program Files\Java\jdk-25\bin\java.dll
Event: 0.187 Loaded shared library C:\Program Files\Java\jdk-25\bin\zip.dll
Event: 0.193 Loaded shared library C:\Program Files\Java\jdk-25\bin\instrument.dll
Event: 0.201 Loaded shared library C:\Program Files\Java\jdk-25\bin\net.dll
Event: 0.204 Loaded shared library C:\Program Files\Java\jdk-25\bin\nio.dll
Event: 0.208 Loaded shared library C:\Program Files\Java\jdk-25\bin\zip.dll
Event: 0.336 Loaded shared library C:\Program Files\Java\jdk-25\bin\jimage.dll
Event: 0.351 Loaded shared library C:\Program Files\Java\jdk-25\bin\extnet.dll
Event: 0.390 Loaded shared library C:\Program Files\Java\jdk-25\bin\management.dll
Event: 0.408 Loaded shared library C:\Program Files\Java\jdk-25\bin\management_ext.dll
Event: 2.022 Loaded shared library C:\Program Files\Java\jdk-25\bin\sunmscapi.dll

Deoptimization events (4 events):
Event: 1.427 Thread 0x0000020a5e116a40 DEOPT PACKING pc=0x0000020a514627d1 sp=0x000000cbd37fee70
Event: 1.427 Thread 0x0000020a5e116a40 DEOPT UNPACKING pc=0x0000020a51131702 sp=0x000000cbd37fe2c8 mode 3
Event: 1.447 Thread 0x0000020a5e136600 DEOPT PACKING pc=0x0000020a5147e556 sp=0x000000cbd36ff000
Event: 1.447 Thread 0x0000020a5e136600 DEOPT UNPACKING pc=0x0000020a51131702 sp=0x000000cbd36fe490 mode 3

Classes loaded (20 events):
Event: 2.025 Loading class sun/security/provider/certpath/ldap/JdkLDAP$ProviderService
Event: 2.026 Loading class sun/security/provider/certpath/ldap/JdkLDAP$ProviderService done
Event: 2.026 Loading class com/sun/security/sasl/Provider
Event: 2.026 Loading class com/sun/security/sasl/Provider done
Event: 2.026 Loading class com/sun/security/sasl/Provider$ProviderService
Event: 2.026 Loading class com/sun/security/sasl/Provider$ProviderService done
Event: 2.041 Loading class jdk/internal/classfile/impl/AbstractAttributeMapper$AnnotationDefaultMapper
Event: 2.041 Loading class jdk/internal/classfile/impl/AbstractAttributeMapper$AnnotationDefaultMapper done
Event: 2.041 Loading class jdk/internal/classfile/impl/BoundAttribute$BoundAnnotationDefaultAttr
Event: 2.041 Loading class java/lang/classfile/attribute/AnnotationDefaultAttribute
Event: 2.041 Loading class java/lang/classfile/attribute/AnnotationDefaultAttribute done
Event: 2.041 Loading class jdk/internal/classfile/impl/BoundAttribute$BoundAnnotationDefaultAttr done
Event: 2.041 Loading class jdk/internal/classfile/impl/AnnotationImpl$OfClassImpl
Event: 2.042 Loading class jdk/internal/classfile/impl/AnnotationImpl$OfClassImpl done
Event: 2.043 Loading class jdk/internal/classfile/impl/AnnotationImpl$OfEnumImpl
Event: 2.043 Loading class jdk/internal/classfile/impl/AnnotationImpl$OfEnumImpl done
Event: 2.061 Loading class java/util/zip/DataFormatException
Event: 2.061 Loading class java/util/zip/DataFormatException done
Event: 2.114 Loading class java/lang/Thread$ThreadNumbering
Event: 2.116 Loading class java/lang/Thread$ThreadNumbering done

Classes unloaded (0 events):
No events

Classes redefined (0 events):
No events

Internal exceptions (20 events):
Event: 1.427 Thread 0x0000020a4886be50 Exception <a 'java/lang/NoSuchMethodError'{0x00000000a5d80298}: 'void java.lang.invoke.DirectMethodHandle$Holder.invokeStaticInit(java.lang.Object, java.lang.Object, java.lang.Object)'> (0x00000000a5d80298) 
thrown [s\open\src\hotspot\share\interpreter\linkResolver.cpp, line 804]
Event: 1.441 Thread 0x0000020a5e133160 Exception <a 'java/lang/NoSuchMethodError'{0x00000000a5c09d50}: 'java.lang.Object java.lang.invoke.DirectMethodHandle$Holder.invokeSpecial(java.lang.Object, java.lang.Object, java.lang.Object, java.lang.Object, long)'> (0x00000000a5c09d50) 
thrown [s\open\src\hotspot\share\interpreter\linkResolver.cpp, line 804]
Event: 1.442 Thread 0x0000020a5e133160 Exception <a 'java/lang/NoSuchMethodError'{0x00000000a5c19d70}: 'java.lang.Object java.lang.invoke.Invokers$Holder.linkToTargetMethod(java.lang.Object, long, java.lang.Object)'> (0x00000000a5c19d70) 
thrown [s\open\src\hotspot\share\interpreter\linkResolver.cpp, line 804]
Event: 1.443 Thread 0x0000020a5e136600 Exception <a 'java/lang/ClassNotFoundException'{0x00000000a5e576f0}: javax/management/remote/rmi/RMIConnectionImpl_Skel> (0x00000000a5e576f0) 
thrown [s\open\src\hotspot\share\classfile\systemDictionary.cpp, line 327]
Event: 1.463 Thread 0x0000020a4886be50 Exception <a 'java/lang/NoSuchMethodError'{0x00000000a5b0e758}: 'void java.lang.invoke.DirectMethodHandle$Holder.invokeVirtual(java.lang.Object, java.lang.Object, java.lang.Object, java.lang.Object)'> (0x00000000a5b0e758) 
thrown [s\open\src\hotspot\share\interpreter\linkResolver.cpp, line 804]
Event: 1.598 Thread 0x0000020a4886be50 Exception <a 'java/lang/IncompatibleClassChangeError'{0x00000000a85867b0}: Found class java.lang.Object, but interface was expected> (0x00000000a85867b0) 
thrown [s\open\src\hotspot\share\interpreter\linkResolver.cpp, line 871]
Event: 1.682 Thread 0x0000020a5e136600 Exception <a 'java/lang/NoSuchMethodError'{0x00000000a8191b58}: 'java.lang.Object java.lang.invoke.DirectMethodHandle$Holder.invokeInterface(java.lang.Object, java.lang.Object, java.lang.Object, java.lang.Object, java.lang.Object)'> (0x00000000a8191b58) 
thrown [s\open\src\hotspot\share\interpreter\linkResolver.cpp, line 804]
Event: 1.684 Thread 0x0000020a5e136600 Exception <a 'java/lang/NoSuchMethodError'{0x00000000a8013758}: 'java.lang.Object java.lang.invoke.Invokers$Holder.invokeExact_MT(java.lang.Object, java.lang.Object, java.lang.Object, java.lang.Object, java.lang.Object, java.lang.Object)'> (0x00000000a8013758) 
thrown [s\open\src\hotspot\share\interpreter\linkResolver.cpp, line 804]
Event: 1.688 Thread 0x0000020a5e136600 Exception <a 'java/lang/NoSuchMethodError'{0x00000000a8038448}: static [Ljava/lang/StackTraceElement;.<clinit>()V> (0x00000000a8038448) 
thrown [s\open\src\hotspot\share\prims\jni.cpp, line 1106]
Event: 1.691 Thread 0x0000020a5e16bae0 Exception <a 'java/lang/NoSuchMethodError'{0x00000000a80bddb0}: 'java.lang.Object java.lang.invoke.Invokers$Holder.linkToTargetMethod(java.lang.Object, int, java.lang.Object, java.lang.Object)'> (0x00000000a80bddb0) 
thrown [s\open\src\hotspot\share\interpreter\linkResolver.cpp, line 804]
Event: 1.891 Thread 0x0000020a5e16bae0 Exception <a 'java/lang/NoSuchMethodError'{0x00000000a710fd58}: 'long java.lang.invoke.DirectMethodHandle$Holder.invokeStatic(java.lang.Object, java.lang.Object)'> (0x00000000a710fd58) 
thrown [s\open\src\hotspot\share\interpreter\linkResolver.cpp, line 804]
Event: 1.891 Thread 0x0000020a5e16bae0 Exception <a 'java/lang/NoSuchMethodError'{0x00000000a7117b00}: 'long java.lang.invoke.DirectMethodHandle$Holder.invokeStaticInit(java.lang.Object, java.lang.Object)'> (0x00000000a7117b00) 
thrown [s\open\src\hotspot\share\interpreter\linkResolver.cpp, line 804]
Event: 1.892 Thread 0x0000020a5e16bae0 Exception <a 'java/lang/NoSuchMethodError'{0x00000000a713cfd8}: 'long java.lang.invoke.DirectMethodHandle$Holder.invokeInterface(java.lang.Object, java.lang.Object)'> (0x00000000a713cfd8) 
thrown [s\open\src\hotspot\share\interpreter\linkResolver.cpp, line 804]
Event: 1.893 Thread 0x0000020a5e16bae0 Exception <a 'java/lang/IncompatibleClassChangeError'{0x00000000a7144c90}: Found class java.lang.Object, but interface was expected> (0x00000000a7144c90) 
thrown [s\open\src\hotspot\share\interpreter\linkResolver.cpp, line 871]
Event: 1.915 Thread 0x0000020a4886be50 Exception <a 'java/lang/NoSuchMethodError'{0x00000000a70d9488}: 'int java.lang.invoke.DirectMethodHandle$Holder.invokeSpecial(java.lang.Object, java.lang.Object, java.lang.Object, java.lang.Object, java.lang.Object)'> (0x00000000a70d9488) 
thrown [s\open\src\hotspot\share\interpreter\linkResolver.cpp, line 804]
Event: 1.917 Thread 0x0000020a4886be50 Exception <a 'java/lang/NoSuchMethodError'{0x00000000a70eaf30}: 'void java.lang.invoke.DirectMethodHandle$Holder.invokeVirtual(java.lang.Object, java.lang.Object)'> (0x00000000a70eaf30) 
thrown [s\open\src\hotspot\share\interpreter\linkResolver.cpp, line 804]
Event: 1.935 Thread 0x0000020a5e16bae0 Exception <a 'java/lang/NoSuchMethodError'{0x00000000a6eafd88}: 'java.lang.Object java.lang.invoke.DirectMethodHandle$Holder.newInvokeSpecial(java.lang.Object, java.lang.Object, java.lang.Object, int)'> (0x00000000a6eafd88) 
thrown [s\open\src\hotspot\share\interpreter\linkResolver.cpp, line 804]
Event: 1.935 Thread 0x0000020a5e16bae0 Exception <a 'java/lang/NoSuchMethodError'{0x00000000a6eb88c0}: 'java.lang.Object java.lang.invoke.Invokers$Holder.linkToTargetMethod(java.lang.Object, java.lang.Object, int, java.lang.Object)'> (0x00000000a6eb88c0) 
thrown [s\open\src\hotspot\share\interpreter\linkResolver.cpp, line 804]
Event: 2.061 Thread 0x0000020a5e16bae0 Exception <a 'java/io/IOException'{0x00000000a69231d0}> (0x00000000a69231d0) 
thrown [s\open\src\hotspot\share\prims\jni.cpp, line 516]
Event: 2.061 Thread 0x0000020a5e16bae0 Exception <a 'java/lang/NoClassDefFoundError'{0x00000000a6923880}: org/springframework/http/converter/json/JacksonJsonHttpMessageConverter> (0x00000000a6923880) 
thrown [s\open\src\hotspot\share\classfile\systemDictionary.cpp, line 316]

VM Operations (20 events):
Event: 1.441 Executing non-safepoint VM operation: HandshakeAllThreads (Deoptimize)
Event: 1.442 Executing non-safepoint VM operation: HandshakeAllThreads (Deoptimize) done
Event: 1.531 Executing non-safepoint VM operation: HandshakeAllThreads (Deoptimize)
Event: 1.531 Executing non-safepoint VM operation: HandshakeAllThreads (Deoptimize) done
Event: 1.534 Executing non-safepoint VM operation: HandshakeAllThreads (Deoptimize)
Event: 1.534 Executing non-safepoint VM operation: HandshakeAllThreads (Deoptimize) done
Event: 1.564 Executing safepoint VM operation: G1CollectForAllocation (G1 Evacuation Pause)
Event: 1.576 Executing safepoint VM operation: G1CollectForAllocation (G1 Evacuation Pause) done
Event: 1.859 Executing non-safepoint VM operation: HandshakeAllThreads (Deoptimize)
Event: 1.859 Executing non-safepoint VM operation: HandshakeAllThreads (Deoptimize) done
Event: 1.900 Executing non-safepoint VM operation: HandshakeAllThreads (Deoptimize)
Event: 1.900 Executing non-safepoint VM operation: HandshakeAllThreads (Deoptimize) done
Event: 1.927 Executing non-safepoint VM operation: HandshakeAllThreads (Deoptimize)
Event: 1.927 Executing non-safepoint VM operation: HandshakeAllThreads (Deoptimize) done
Event: 1.932 Executing non-safepoint VM operation: HandshakeAllThreads (Deoptimize)
Event: 1.933 Executing non-safepoint VM operation: HandshakeAllThreads (Deoptimize) done
Event: 1.942 Executing non-safepoint VM operation: HandshakeAllThreads (Deoptimize)
Event: 1.942 Executing non-safepoint VM operation: HandshakeAllThreads (Deoptimize) done
Event: 1.993 Executing non-safepoint VM operation: HandshakeAllThreads (Deoptimize)
Event: 1.993 Executing non-safepoint VM operation: HandshakeAllThreads (Deoptimize) done

Memory protections (0 events):
No events

Nmethod flushes (0 events):
No events

Events (20 events):
Event: 0.041 Thread 0x0000020a4886be50 Thread added: 0x0000020a4886be50
Event: 0.053 Thread 0x0000020a4886be50 Thread added: 0x0000020a58edeba0
Event: 0.053 Thread 0x0000020a4886be50 Thread added: 0x0000020a58edf600
Event: 0.053 Thread 0x0000020a4886be50 Thread added: 0x0000020a58ee26d0
Event: 0.053 Thread 0x0000020a4886be50 Thread added: 0x0000020a58ee51d0
Event: 0.053 Thread 0x0000020a4886be50 Thread added: 0x0000020a58f07360
Event: 0.053 Thread 0x0000020a4886be50 Thread added: 0x0000020a58f09f30
Event: 0.053 Thread 0x0000020a4886be50 Thread added: 0x0000020a58f0aaf0
Event: 0.157 Thread 0x0000020a58f0aaf0 Thread added: 0x0000020a58f722f0
Event: 0.197 Thread 0x0000020a4886be50 Thread added: 0x0000020a5d0bd4f0
Event: 0.330 Thread 0x0000020a4886be50 Thread added: 0x0000020a5d40e530
Event: 0.330 Thread 0x0000020a4886be50 Thread added: 0x0000020a5d410d00
Event: 0.678 Thread 0x0000020a4886be50 Thread added: 0x0000020a5da808d0
Event: 1.404 Thread 0x0000020a5da808d0 Thread added: 0x0000020a5e136600
Event: 1.426 Thread 0x0000020a5e136600 Thread added: 0x0000020a5e116a40
Event: 1.438 Thread 0x0000020a5e136600 Thread added: 0x0000020a5e133160
Event: 1.553 Thread 0x0000020a4886be50 Thread added: 0x0000020a5e16bae0
Event: 1.806 Thread 0x0000020a5e133160 Thread exited: 0x0000020a5e133160
Event: 2.062 Thread 0x0000020a5e16bae0 Thread exited: 0x0000020a5e16bae0
Event: 2.116 Thread 0x0000020a4886be50 Thread added: 0x0000020a5ef30090


Dynamic libraries:
0x00007ff6669b0000 - 0x00007ff6669c0000 	C:\Program Files\Java\jdk-25\bin\java.exe
0x00007ffabdd00000 - 0x00007ffabdf67000 	C:\WINDOWS\SYSTEM32\ntdll.dll
0x00007ffabc3a0000 - 0x00007ffabc46b000 	C:\WINDOWS\System32\KERNEL32.DLL
0x00007ffabb610000 - 0x00007ffabba11000 	C:\WINDOWS\System32\KERNELBASE.dll
0x00007ffabb4b0000 - 0x00007ffabb5fc000 	C:\WINDOWS\System32\ucrtbase.dll
0x00007ffab4470000 - 0x00007ffab4487000 	C:\Program Files\Java\jdk-25\bin\jli.dll
0x00007ffab40b0000 - 0x00007ffab40ce000 	C:\Program Files\Java\jdk-25\bin\VCRUNTIME140.dll
0x00007ffabc630000 - 0x00007ffabc807000 	C:\WINDOWS\System32\USER32.dll
0x00007ffaa8500000 - 0x00007ffaa8790000 	C:\WINDOWS\WinSxS\amd64_microsoft.windows.common-controls_6595b64144ccf1df_6.0.26100.9549_none_3e0a0396e3330090\COMCTL32.dll
0x00007ffabafb0000 - 0x00007ffabafd7000 	C:\WINDOWS\System32\win32u.dll
0x00007ffabd220000 - 0x00007ffabd2c9000 	C:\WINDOWS\System32\msvcrt.dll
0x00007ffabc540000 - 0x00007ffabc56b000 	C:\WINDOWS\System32\GDI32.dll
0x00007ffabb1f0000 - 0x00007ffabb318000 	C:\WINDOWS\System32\gdi32full.dll
0x00007ffabaf00000 - 0x00007ffabafa3000 	C:\WINDOWS\System32\msvcp_win.dll
0x00007ffabbba0000 - 0x00007ffabbbd1000 	C:\WINDOWS\System32\IMM32.DLL
0x00007ffab40a0000 - 0x00007ffab40ac000 	C:\Program Files\Java\jdk-25\bin\vcruntime140_1.dll
0x00007ffa90fc0000 - 0x00007ffa9104d000 	C:\Program Files\Java\jdk-25\bin\msvcp140.dll
0x00007ffa12360000 - 0x00007ffa131bf000 	C:\Program Files\Java\jdk-25\bin\server\jvm.dll
0x00007ffabc570000 - 0x00007ffabc62b000 	C:\WINDOWS\System32\ADVAPI32.dll
0x00007ffabbbf0000 - 0x00007ffabbc98000 	C:\WINDOWS\System32\sechost.dll
0x00007ffabc280000 - 0x00007ffabc398000 	C:\WINDOWS\System32\RPCRT4.dll
0x00007ffabc810000 - 0x00007ffabc891000 	C:\WINDOWS\System32\WS2_32.dll
0x00007ffab2c50000 - 0x00007ffab2c5b000 	C:\WINDOWS\SYSTEM32\VERSION.dll
0x00007ffabad70000 - 0x00007ffabadce000 	C:\WINDOWS\SYSTEM32\POWRPROF.dll
0x00007ffab1650000 - 0x00007ffab1687000 	C:\WINDOWS\SYSTEM32\WINMM.dll
0x00007ffabad30000 - 0x00007ffabad45000 	C:\WINDOWS\SYSTEM32\UMPDC.dll
0x00007ffab9ba0000 - 0x00007ffab9bbb000 	C:\WINDOWS\SYSTEM32\kernel.appcore.dll
0x00007ffab4090000 - 0x00007ffab409a000 	C:\Program Files\Java\jdk-25\bin\jimage.dll
0x00007ffaab770000 - 0x00007ffaab9bc000 	C:\WINDOWS\SYSTEM32\DBGHELP.DLL
0x00007ffabbca0000 - 0x00007ffabc02a000 	C:\WINDOWS\System32\combase.dll
0x00007ffabd140000 - 0x00007ffabd219000 	C:\WINDOWS\System32\OLEAUT32.dll
0x00007ffaa6210000 - 0x00007ffaa624b000 	C:\WINDOWS\SYSTEM32\dbgcore.DLL
0x00007ffabb130000 - 0x00007ffabb1dc000 	C:\WINDOWS\System32\bcryptPrimitives.dll
0x00007ffab3870000 - 0x00007ffab3880000 	C:\Program Files\Java\jdk-25\bin\instrument.dll
0x00007ffaaed90000 - 0x00007ffaaedaf000 	C:\Program Files\Java\jdk-25\bin\java.dll
0x00007ffabd2e0000 - 0x00007ffabd47a000 	C:\WINDOWS\System32\ole32.dll
0x00007ffabc8f0000 - 0x00007ffabd08c000 	C:\WINDOWS\System32\SHELL32.dll
0x00007ffab8910000 - 0x00007ffab91bd000 	C:\WINDOWS\SYSTEM32\windows.storage.dll
0x00007ffabc030000 - 0x00007ffabc129000 	C:\WINDOWS\System32\SHCORE.dll
0x00007ffabc4d0000 - 0x00007ffabc536000 	C:\WINDOWS\System32\shlwapi.dll
0x00007ffabae10000 - 0x00007ffabae39000 	C:\WINDOWS\SYSTEM32\profapi.dll
0x00007ffaaecb0000 - 0x00007ffaaecc7000 	C:\Program Files\Java\jdk-25\bin\zip.dll
0x00007ffaaed70000 - 0x00007ffaaed82000 	C:\Program Files\Java\jdk-25\bin\net.dll
0x00007ffaba160000 - 0x00007ffaba1cc000 	C:\WINDOWS\system32\mswsock.dll
0x00007ffaaecf0000 - 0x00007ffaaed06000 	C:\Program Files\Java\jdk-25\bin\nio.dll
0x00007ffab9560000 - 0x00007ffab96b8000 	C:\WINDOWS\SYSTEM32\DNSAPI.dll
0x00007ffab9f60000 - 0x00007ffab9f6d000 	C:\WINDOWS\SYSTEM32\DSPARSE.dll
0x00007ffab9520000 - 0x00007ffab9553000 	C:\WINDOWS\SYSTEM32\IPHLPAPI.DLL
0x00007ffabbbe0000 - 0x00007ffabbbea000 	C:\WINDOWS\System32\NSI.dll
0x00007ffaaeba0000 - 0x00007ffaaeba9000 	C:\Program Files\Java\jdk-25\bin\extnet.dll
0x00007ffab2c60000 - 0x00007ffab2c6b000 	C:\Windows\System32\rasadhlp.dll
0x00007ffab4820000 - 0x00007ffab48a6000 	C:\WINDOWS\System32\fwpuclnt.dll
0x00007ffaaebb0000 - 0x00007ffaaebba000 	C:\Program Files\Java\jdk-25\bin\management.dll
0x00007ffaaeb90000 - 0x00007ffaaeb9c000 	C:\Program Files\Java\jdk-25\bin\management_ext.dll
0x00007ffabd130000 - 0x00007ffabd138000 	C:\WINDOWS\System32\PSAPI.DLL
0x00007ffaba450000 - 0x00007ffaba46b000 	C:\WINDOWS\SYSTEM32\CRYPTSP.dll
0x00007ffab9b00000 - 0x00007ffab9b39000 	C:\WINDOWS\system32\rsaenh.dll
0x00007ffaba210000 - 0x00007ffaba244000 	C:\WINDOWS\SYSTEM32\USERENV.dll
0x00007ffabade0000 - 0x00007ffabae0a000 	C:\WINDOWS\SYSTEM32\bcrypt.dll
0x00007ffaba470000 - 0x00007ffaba47c000 	C:\WINDOWS\SYSTEM32\CRYPTBASE.dll
0x00007ffa8bbd0000 - 0x00007ffa8bbe8000 	C:\WINDOWS\system32\napinsp.dll
0x00007ffa6db80000 - 0x00007ffa6db93000 	C:\WINDOWS\System32\winrnr.dll
0x00007ffa4e210000 - 0x00007ffa4e237000 	C:\WINDOWS\system32\nlansp_c.dll
0x00007ffab2450000 - 0x00007ffab2466000 	C:\WINDOWS\system32\wshbth.dll
0x00007ffab3860000 - 0x00007ffab386e000 	C:\Program Files\Java\jdk-25\bin\sunmscapi.dll
0x00007ffabb320000 - 0x00007ffabb49f000 	C:\WINDOWS\System32\CRYPT32.dll
0x00007ffaba6b0000 - 0x00007ffaba6e0000 	C:\WINDOWS\SYSTEM32\ncrypt.dll
0x00007ffaba660000 - 0x00007ffaba69f000 	C:\WINDOWS\SYSTEM32\NTASN1.dll

JVMTI agents:
C:\Program Files\JetBrains\IntelliJ IDEA 2025.2.5\lib\idea_rt.jar path:C:\Program Files\Java\jdk-25\bin\instrument.dll, loaded, initialized, instrumentlib options:52960

dbghelp: loaded successfully - version: 4.0.5 - missing functions: none
symbol engine: initialized successfully - sym options: 0x614 - pdb path: .;C:\Program Files\Java\jdk-25\bin;C:\WINDOWS\SYSTEM32;C:\WINDOWS\WinSxS\amd64_microsoft.windows.common-controls_6595b64144ccf1df_6.0.26100.9549_none_3e0a0396e3330090;C:\Program Files\Java\jdk-25\bin\server

VM Arguments:
jvm_args: -XX:TieredStopAtLevel=1 -Dspring.output.ansi.enabled=always -Dcom.sun.management.jmxremote -Dspring.jmx.enabled=true -Dspring.liveBeansView.mbeanDomain -Dspring.application.admin.enabled=true -Dmanagement.endpoints.jmx.exposure.include=* -javaagent:C:\Program Files\JetBrains\IntelliJ IDEA 2025.2.5\lib\idea_rt.jar=52960 -Dfile.encoding=UTF-8 -Dsun.stdout.encoding=UTF-8 -Dsun.stderr.encoding=UTF-8 
java_command: org.example.springbootdemo.SpringBootDemoApplication
java_class_path (initial): C:\Users\iffeH\JavaWebService\SpringBootDemo\target\classes;C:\Users\iffeH\.m2\repository\org\springframework\boot\spring-boot-h2console\4.1.1\spring-boot-h2console-4.1.1.jar;C:\Users\iffeH\.m2\repository\org\springframework\boot\spring-boot\4.1.1\spring-boot-4.1.1.jar;C:\Users\iffeH\.m2\repository\org\springframework\spring-core\7.0.9\spring-core-7.0.9.jar;C:\Users\iffeH\.m2\repository\commons-logging\commons-logging\1.3.6\commons-logging-1.3.6.jar;C:\Users\iffeH\.m2\repository\org\jspecify\jspecify\1.0.1\jspecify-1.0.1.jar;C:\Users\iffeH\.m2\repository\org\springframework\spring-context\7.0.9\spring-context-7.0.9.jar;C:\Users\iffeH\.m2\repository\org\springframework\spring-aop\7.0.9\spring-aop-7.0.9.jar;C:\Users\iffeH\.m2\repository\org\springframework\spring-beans\7.0.9\spring-beans-7.0.9.jar;C:\Users\iffeH\.m2\repository\org\springframework\spring-expression\7.0.9\spring-expression-7.0.9.jar;C:\Users\iffeH\.m2\repository\io\micrometer\micrometer-observation\1.17.1\micrometer-observation-1.17.1.jar;C:\Users\iffeH\.m2\repository\io\micrometer\micrometer-commons\1.17.1\micrometer-commons-1.17.1.jar;C:\Users\iffeH\.m2\repository\com\h2database\h2\2.4.240\h2-2.4.240.jar;C:\Users\iffeH\.m2\repository\org\springframework\boot\spring-boot-starter-data-jpa\4.1.1\spring-boot-starter-data-jpa-4.1.1.jar;C:\Users\iffeH\.m2\repository\org\springframework\boot\spring-boot-starter\4.1.1\spring-boot-starter-4.1.1.jar;C:\Users\iffeH\.m2\repository\org\springframework\boot\spring-boot-starter-logging\4.1.1\spring-boot-starter-logging-4.1.1.jar;C:\Users\iffeH\.m2\repository\ch\qos\logback\logback-classic\1.5.38\logback-classic-1.5.38.jar;C:\Users\iffeH\.m2\repository\ch\qos\logback\logback-core\1.5.38\logback-core-1.5.38.jar;C:\Users\iffeH\.m2\repository\org\apache\logging\log4j\log4j-to-slf4j\2.25.5\log4j-to-slf4j-2.25.5.jar;C:\Users\iffeH\.m2\repository\org\apache\logging\log4j\log4j-api\2.25.5\log4j-api-2.25.5.jar;C:\Users\iffeH\.m2\repository\org\slf4j\jul-to-slf4j\2.0.18\jul-to-slf4j-2.0.18.jar;C:\Users\iffeH\.m2\repository\org\springframework\boot\spring-boot-autoconfigure\4.1.1\spring-boot-autoconfigure-4.1.1.jar;C:\Users\iffeH\.m2\repository\jakarta\annotation\jakarta.annotation-api\3.0.0\jakarta.annotation-api-3.0.0.jar;C:\Users\iffeH\.m2\repository\org\yaml\snakeyaml\2.6\snakeyaml-2.6.jar;C:\Users\iffeH\.m2\repository\org\springframework\boot\spring-boot-starter-jdbc\4.1.1\spring-boot-starter-jdbc-4.1.1.jar;C:\Users\iffeH\.m2\repository\com\zaxxer\HikariCP\7.0.2\HikariCP-7.0.2.jar;C:\Users\iffeH\.m2\repository\org\slf4j\slf4j-api\2.0.18\slf4j-api-2.0.18.jar;C:\Users\iffeH\.m2\repository\org\springframework\boot\spring-boot-data-jpa\4.1.1\spring-boot-data-jpa-4.1.1.jar;C:\Users\iffeH\.m2\repository\org\springframework\boot\spring-boot-data-commons\4.1.1\spring-boot-data-commons-4.1.1.jar;C:\Users\iffeH\.m2\repository\org\springframework\boot\spring-boot-persistence\4.1.1\spring-boot-persistence-4.1.1.jar;C:\Users\iffeH\.m2\repository\org\springframework\data\spring-data-commons\4.1.1\spring-data-commons-4.1.1.jar;C:\Users\iffeH\.m2\repository\org\springframework\boot\spring-boot-hibernate\4.1.1\spring-boot-hibernate-4.1.1.jar;C:\Users\iffeH\.m2\repository\org\springframework\boot\spring-boot-jpa\4.1.1\spring-boot-jpa-4.1.1.jar;C:\Users\iffeH\.m2\repository\jakarta\persistence\jakarta.persistence-api\3.2.0\jakarta.persistence-api-3.2.0.jar;C:\Users\iffeH\.m2\repository\org\hibernate\orm\hibernate-core\7.4.5.Final\hibernate-core-7.4.5.Final.jar;C:\Users\iffeH\.m2\repository\jakarta\transaction\jakarta.transaction-api\2.0.1\jakarta.transaction-api-2.0.1.jar;C:\Users\iffeH\.m2\repository\org\jboss\logging\jboss-logging\3.6.3.Final\jboss-logging-3.6.3.Final.jar;C:\Users\iffeH\.m2\repository\org\hibernate\models\hibernate-models\1.1.1\hibernate-models-1.1.1.jar;C:\Users\iffeH\.m2\repository\org\glassfish\jaxb\jaxb-runtime\4.0.9\jaxb-runtime-4.0.9.jar;C:\Users\iffeH\.m2\repository\org\glassfish\jaxb\jaxb-core\4.0.9\jaxb-core-4.0.9.jar;C:\Users\iffeH\.m2\repository\org\eclipse\angus\angus-activation\2.0.3\angus-activation-2.0.3.jar;C:\Users\iffeH\.m2\repository\org\glassfish\jaxb\txw2\4.0.9\txw2-4.0.9.jar;C:\Users\iffeH\.m2\repository\com\sun\istack\istack-commons-runtime\4.1.2\istack-commons-runtime-4.1.2.jar;C:\Users\iffeH\.m2\repository\jakarta\inject\jakarta.inject-api\2.0.1\jakarta.inject-api-2.0.1.jar;C:\Users\iffeH\.m2\repository\org\springframework\spring-orm\7.0.9\spring-orm-7.0.9.jar;C:\Users\iffeH\.m2\repository\org\springframework\data\spring-data-jpa\4.1.1\spring-data-jpa-4.1.1.jar;C:\Users\iffeH\.m2\repository\org\springframework\spring-tx\7.0.9\spring-tx-7.0.9.jar;C:\Users\iffeH\.m2\repository\org\antlr\antlr4-runtime\4.13.2\antlr4-runtime-4.13.2.jar;C:\Users\iffeH\.m2\repository\org\springframework\spring-aspects\7.0.9\spring-aspects-7.0.9.jar;C:\Users\iffeH\.m2\repository\org\aspectj\aspectjweaver\1.9.25.1\aspectjweaver-1.9.25.1.jar;C:\Users\iffeH\.m2\repository\org\springframework\boot\spring-boot-jdbc\4.1.1\spring-boot-jdbc-4.1.1.jar;C:\Users\iffeH\.m2\repository\org\springframework\boot\spring-boot-sql\4.1.1\spring-boot-sql-4.1.1.jar;C:\Users\iffeH\.m2\repository\org\springframework\boot\spring-boot-transaction\4.1.1\spring-boot-transaction-4.1.1.jar;C:\Users\iffeH\.m2\repository\org\springframework\spring-jdbc\7.0.9\spring-jdbc-7.0.9.jar;C:\Users\iffeH\.m2\repository\org\springframework\boot\spring-boot-starter-webmvc\4.1.1\spring-boot-starter-webmvc-4.1.1.jar;C:\Users\iffeH\.m2\repository\org\springframework\boot\spring-boot-starter-jackson\4.1.1\spring-boot-starter-jackson-4.1.1.jar;C:\Users\iffeH\.m2\repository\org\springframework\boot\spring-boot-jackson\4.1.1\spring-boot-jackson-4.1.1.jar;C:\Users\iffeH\.m2\repository\tools\jackson\core\jackson-databind\3.1.5\jackson-databind-3.1.5.jar;C:\Users\iffeH\.m2\repository\com\fasterxml\jackson\core\jackson-annotations\2.21\jackson-annotations-2.21.jar;C:\Users\iffeH\.m2\repository\tools\jackson\core\jackson-core\3.1.5\jackson-core-3.1.5.jar;C:\Users\iffeH\.m2\repository\org\springframework\boot\spring-boot-starter-tomcat\4.1.1\spring-boot-starter-tomcat-4.1.1.jar;C:\Users\iffeH\.m2\repository\org\springframework\boot\spring-boot-starter-tomcat-runtime\4.1.1\spring-boot-starter-tomcat-runtime-4.1.1.jar;C:\Users\iffeH\.m2\repository\org\apache\tomcat\embed\tomcat-embed-core\11.0.24\tomcat-embed-core-11.0.24.jar;C:\Users\iffeH\.m2\repository\org\apache\tomcat\embed\tomcat-embed-el\11.0.24\tomcat-embed-el-11.0.24.jar;C:\Users\iffeH\.m2\repository\org\apache\tomcat\embed\tomcat-embed-websocket\11.0.24\tomcat-embed-websocket-11.0.24.jar;C:\Users\iffeH\.m2\repository\org\springframework\boot\spring-boot-tomcat\4.1.1\spring-boot-tomcat-4.1.1.jar;C:\Users\iffeH\.m2\repository\org\springframework\boot\spring-boot-http-converter\4.1.1\spring-boot-http-converter-4.1.1.jar;C:\Users\iffeH\.m2\repository\org\springframework\spring-web\7.0.9\spring-web-7.0.9.jar;C:\Users\iffeH\.m2\repository\org\springframework\boot\spring-boot-webmvc\4.1.1\spring-boot-webmvc-4.1.1.jar;C:\Users\iffeH\.m2\repository\org\springframework\boot\spring-boot-servlet\4.1.1\spring-boot-servlet-4.1.1.jar;C:\Users\iffeH\.m2\repository\org\springframework\spring-webmvc\7.0.9\spring-webmvc-7.0.9.jar;C:\Users\iffeH\.m2\repository\org\postgresql\postgresql\42.7.13\postgresql-42.7.13.jar;C:\Users\iffeH\.m2\repository\org\checkerframework\checker-qual\3.55.1\checker-qual-3.55.1.jar;C:\Users\iffeH\.m2\repository\jakarta\xml\bind\jakarta.xml.bind-api\4.0.5\jakarta.xml.bind-api-4.0.5.jar;C:\Users\iffeH\.m2\repository\jakarta\activation\jakarta.activation-api\2.1.4\jakarta.activation-api-2.1.4.jar;C:\Users\iffeH\.m2\repository\net\bytebuddy\byte-buddy\1.18.11\byte-buddy-1.18.11.jar;C:\Users\iffeH\.m2\repository\org\springframework\boot\spring-boot-web-server\4.1.1\spring-boot-web-server-4.1.1.jar
Launcher Type: SUN_STANDARD

[Global flags]
     intx CICompilerCount                          = 4                                         {product} {ergonomic}
     uint ConcGCThreads                            = 3                                         {product} {ergonomic}
     uint G1ConcRefinementThreads                  = 10                                        {product} {ergonomic}
   size_t G1HeapRegionSize                         = 1048576                                   {product} {ergonomic}
   size_t InitialHeapSize                          = 98566144                                  {product} {ergonomic}
     bool ManagementServer                         = true                                      {product} {command line}
   size_t MarkStackSize                            = 4194304                                   {product} {ergonomic}
   size_t MarkStackSizeMax                         = 536870912                                 {product} {ergonomic}
   size_t MaxHeapSize                              = 1568669696                                {product} {ergonomic}
   size_t MaxNewSize                               = 940572672                                 {product} {ergonomic}
   size_t MinHeapDeltaBytes                        = 1048576                                   {product} {ergonomic}
   size_t MinHeapSize                              = 8388608                                   {product} {ergonomic}
    uintx NonNMethodCodeHeapSize                   = 4096                                   {pd product} {ergonomic}
    uintx NonProfiledCodeHeapSize                  = 0                                      {pd product} {ergonomic}
     bool ProfileInterpreter                       = false                                  {pd product} {command line}
    uintx ProfiledCodeHeapSize                     = 0                                      {pd product} {ergonomic}
   size_t SoftMaxHeapSize                          = 1568669696                             {manageable} {ergonomic}
     intx TieredStopAtLevel                        = 1                                         {product} {command line}
     bool UseCompressedOops                        = true                           {product lp64_product} {ergonomic}
     bool UseG1GC                                  = true                                      {product} {ergonomic}
     bool UseLargePagesIndividualAllocation        = false                                  {pd product} {ergonomic}

Logging:
Log output configuration:
 #0: stdout all=warning uptime,level,tags foldmultilines=false
 #1: stderr all=off uptime,level,tags foldmultilines=false

Release file:
IMPLEMENTOR="Oracle Corporation" 
JAVA_RUNTIME_VERSION="25+37-LTS-3491" 
JAVA_VERSION="25" 
JAVA_VERSION_DATE="2025-09-16" 
LIBC="default" 
MODULES="java.base java.compiler java.datatransfer java.xml java.prefs java.desktop java.instrument java.logging java.management java.security.sasl java.naming java.rmi java.management.rmi java.net.http java.scripting java.security.jgss java.transaction.xa java.sql java.sql.rowset java.xml.crypto java.se java.smartcardio jdk.accessibility jdk.internal.jvmstat jdk.attach jdk.charsets jdk.internal.opt jdk.zipfs jdk.compiler jdk.crypto.cryptoki jdk.crypto.ec jdk.crypto.mscapi jdk.dynalink jdk.internal.ed jdk.editpad jdk.internal.vm.ci jdk.graal.compiler jdk.graal.compiler.management jdk.hotspot.agent jdk.httpserver jdk.incubator.vector jdk.internal.le jdk.internal.md jdk.jartool jdk.javadoc jdk.jcmd jdk.management jdk.management.agent jdk.jconsole jdk.jdeps jdk.jdwp.agent jdk.jdi jdk.jfr jdk.jlink jdk.jpackage jdk.jshell jdk.jsobject jdk.jstatd jdk.localedata jdk.management.jfr jdk.naming.dns jdk.naming.rmi jdk.net jdk.nio.mapmode jdk.sctp jdk.security.auth jdk.security.jgss jdk.unsupported jdk.unsupported.desktop jdk.xml.dom" 
OS_ARCH="x86_64" 
OS_NAME="Windows" 
SOURCE=".:git:49d6a23b8806 open:git:6c48f4ed707b" 

Environment Variables:
JAVA_HOME=C:\Program Files\Java\jdk-25.0.4
PATH=C:\Program Files\Common Files\Oracle\Java\javapath;C:\Program Files (x86)\Common Files\Oracle\Java\java8path;C:\Program Files (x86)\Common Files\Oracle\Java\javapath;C:\WINDOWS\system32;C:\WINDOWS;C:\WINDOWS\System32\Wbem;C:\WINDOWS\System32\WindowsPowerShell\v1.0\;C:\WINDOWS\System32\OpenSSH\;C:\Program Files\Git\cmd;C:\Program Files\Docker\Docker\resources\bin;C:\Program Files\nodejs\;C:\Users\iffeH\AppData\Local\Microsoft\WindowsApps;C:\Users\iffeH\AppData\Local\Programs\Microsoft VS Code\bin;C:\Program Files\JetBrains\IntelliJ IDEA Community Edition 2025.2.3\bin;C:\Program Files\JetBrains\IntelliJ IDEA 2025.2.5\bin;C:\Users\iffeH\AppData\Local\JetBrains\Toolbox\scripts;C:\Users\iffeH\AppData\Roaming\npm;C:\Dev\flutter\bin;C:\Users\iffeH\AppData\Local\Pub\Cache\bin;C:\Users\iffeH\AppData\Local\Pub\Cache\bin;
USERNAME=iffeH
OS=Windows_NT
PROCESSOR_IDENTIFIER=AMD64 Family 25 Model 80 Stepping 0, AuthenticAMD
TMP=C:\Users\iffeH\AppData\Local\Temp
TEMP=C:\Users\iffeH\AppData\Local\Temp




Compilation memory statistics disabled.

Periodic native trim disabled

---------------  S Y S T E M  ---------------

OS:
 Windows 11 , 64 bit Build 26100 (10.0.26100.9549)
OS uptime: 8 days 1:58 hours
Hyper-V role detected

CPU: total 12 (initial active 12) (12 cores per cpu, 2 threads per core) family 25 model 80 stepping 0 microcode 0xa50000d, cx8, cmov, fxsr, ht, mmx, 3dnowpref, sse, sse2, sse3, ssse3, sse4a, sse4.1, sse4.2, popcnt, lzcnt, tsc, tscinvbit, avx, avx2, aes, erms, clmul, bmi1, bmi2, adx, sha, fma, vzeroupper, clflush, clflushopt, clwb, hv, rdtscp, rdpid, fsrm, f16c, cet_ss
Processor Information for the first 12 processors :
  Max Mhz: 2000, Current Mhz: 2000, Mhz Limit: 2000

Memory: 4k page, system-wide physical 5981M (668M free)
TotalPageFile size 24413M (AvailPageFile size 7M)
current process WorkingSet (physical memory assigned to process): 135M, peak: 135M
current process commit charge ("private bytes"): 217M, peak: 217M

vm_info: Java HotSpot(TM) 64-Bit Server VM (25+37-LTS-3491) for windows-amd64 JRE (25+37-LTS-3491), built on 2025-08-14T21:13:00Z with unknown MS VC++:1943

END.
